Bath and North East Somerset,Bedford,Blackburn with Darwen,Blackpool,Brighton and Hove,"Bristol, City of",Buckinghamshire,Cambridgeshire,Central Bedfordshire,Cheshire East,Cheshire West and Chester,Cornwall and Isles of Scilly,County Durham,Cumbria,Darlington,Derby,Derbyshire,Devon,Dorset,East Riding of Yorkshire,East Sussex,Essex,Gloucestershire,Halton,Hampshire,Hartlepool,"Herefordshire, County of",Hertfordshire,Isle of Wight,Kent,"Kingston upon Hull, City of",Lancashire,Leicester,Leicestershire,Lincolnshire,Luton,Medway,Middlesbrough,Milton Keynes,Norfolk,North East Lincolnshire,North Lincolnshire,North Somerset,North Yorkshire,Northamptonshire,Northumberland,Nottingham,Nottinghamshire,Oxfordshire,Peterborough,Plymouth,Portsmouth,Redcar and Cleveland,Shropshire,Somerset,South Gloucestershire,Southampton,Southend-on-Sea,Staffordshire,Stockton-on-Tees,Stoke-on-Trent,Suffolk,Surrey,Swindon,Thurrock,Warrington,Warwickshire,West Sussex,Wiltshire,Worcestershire,York,GREATER LONDON,GREATER manchester,South Yorkshire,West Midlands,Tyne and Wear,West Yorkshire,Merseyside
0,0,0,0,0,0,0,0,0,0,0,0,0,0,0,0,0,0,0,0,0,0,0,0,0,0,0,0,0,0,0,0,0,0,0,0,0,0,0,0,0,0,0,0,0,0,0,0,0,0,0,0,0,0,0,0,0,0,0,0,0,0,0,0,0,0,0,0,0,0,0,0,0,0,0,0,0,0
0,0,0,0,0,0,0,0,0,0,0,0,0,0,0,0,0,0,0,0,0,0,0,0,0,0,0,0,0,0,0,0,0,0,0,0,0,0,0,0,0,0,0,0,0,0,0,0,0,0,0,0,0,0,0,0,0,0,0,0,0,0,0,0,0,0,0,0,0,0,0,0,0,0,0,0,0,0
0,0,0,0,0,0,0,0,0,0,0,0,0,0,0,0,0,0,0,0,0,0,0,0,0,0,0,0,0,0,0,0,0,0,0,0,0,0,0,0,0,0,0,0,0,0,0,0,0,0,0,0,0,0,0,0,0,0,0,0,0,0,0,0,0,0,0,0,0,0,0,0,0,0,0,0,0,0
0,0,0,0,0,0,0,0,0,0,0,0,0,0,0,0,0,0,0,0,0,0,0,0,0,0,0,0,0,0,0,0,0,0,0,0,0,0,0,0,0,0,0,0,0,0,0,0,0,0,0,0,0,0,0,0,0,0,0,0,0,0,0,0,0,0,0,0,0,0,0,0,0,0,0,0,0,0
0,0,0,0,0,0,0,0,0,0,0,0,0,0,0,0,0,0,0,0,0,0,0,0,0,0,0,0,0,0,0,0,0,0,0,0,0,0,0,0,0,0,0,0,0,0,0,0,0,0,0,0,0,0,0,0,0,0,0,0,0,0,0,0,0,0,0,0,0,0,0,0,0,0,0,0,0,0
0,0,0,0,0,0,0,0,0,0,0,0,0,0,0,0,0,0,0,0,0,0,0,0,0,0,0,0,0,0,0,0,0,0,0,0,0,0,0,0,0,0,0,0,0,0,0,0,0,0,0,0,0,0,0,0,0,0,0,0,0,0,0,0,0,0,0,0,0,0,0,0,0,0,0,0,0,0
0,0,0,0,0,0,0,0,0,0,0,0,0,0,0,0,0,0,0,0,0,0,0,0,0,0,0,0,0,0,0,0,0,0,0,0,0,0,0,0,0,0,0,0,0,0,0,0,0,0,0,0,0,0,0,0,0,0,0,0,0,0,0,0,0,0,0,0,0,0,0,0,0,0,0,0,0,0
0,0,0,0,0,0,0,0,0,0,0,0,0,0,0,0,0,0,0,0,0,0,0,0,0,0,0,0,0,0,0,0,0,0,0,0,0,0,0,0,0,0,0,0,0,0,0,0,0,0,0,0,0,0,0,0,0,0,0,0,0,0,0,0,0,0,0,0,0,0,0,0,0,0,0,0,0,0
0,0,0,0,0,0,0,0,0,0,0,0,0,0,0,0,0,0,0,0,0,0,0,0,0,0,0,0,0,0,0,0,0,0,0,0,0,0,0,0,0,0,0,0,0,0,0,0,0,0,0,0,0,0,0,0,0,0,0,0,0,0,0,0,0,0,0,0,0,0,0,0,0,0,0,0,0,0
0,0,0,0,0,0,0,0,0,0,0,0,0,0,0,0,0,0,0,0,0,0,0,0,0,0,0,0,0,0,0,0,0,0,0,0,0,0,0,0,0,0,0,0,0,0,0,0,0,0,0,0,0,0,0,0,0,0,0,0,0,0,0,0,0,0,0,0,0,0,0,0,0,0,0,0,0,0
0,0,0,0,0,0,0,0,0,0,0,0,0,0,0,0,0,0,0,0,0,0,0,0,0,0,0,0,0,0,0,0,0,0,0,0,0,0,0,0,0,0,0,0,0,0,0,0,0,0,0,0,0,0,0,0,0,0,0,0,0,0,0,0,0,0,0,0,0,0,0,0,0,0,0,0,0,0
0,0,0,0,0,0,0,0,0,0,0,0,0,0,0,0,0,0,0,0,0,0,0,0,0,0,0,0,0,0,0,0,0,0,0,0,0,0,0,0,0,0,0,0,0,0,0,0,0,0,0,0,0,0,0,0,0,0,0,0,0,0,0,0,0,0,0,0,0,0,0,0,0,0,0,0,0,0
0,0,0,0,0,0,0,0,0,0,0,0,0,0,0,0,0,0,0,0,0,0,0,0,0,0,0,0,0,0,0,0,0,0,0,0,0,0,0,0,0,0,0,0,0,0,0,0,0,0,0,0,0,0,0,0,0,0,0,0,0,0,0,0,0,0,0,0,0,0,0,0,0,0,0,0,0,0
0,0,0,0,0,0,0,0,0,0,0,0,0,0,0,0,0,0,0,0,0,0,0,0,0,0,0,0,0,0,0,0,0,0,0,0,0,0,0,0,0,0,0,0,0,0,0,0,0,0,0,0,0,0,0,0,0,0,0,0,0,0,0,0,0,0,0,0,0,0,0,0,0,0,0,0,0,0
0,0,0,0,0,0,0,0,0,0,0,0,0,0,0,0,0,0,0,0,0,0,0,0,0,0,0,0,0,0,0,0,0,0,0,0,0,0,0,0,0,0,0,0,0,0,0,0,0,0,0,0,0,0,0,0,0,0,0,0,0,0,0,0,0,0,0,0,0,0,0,0,0,0,0,0,0,0
0,0,0,0,0,0,0,0,0,0,0,0,0,0,0,0,0,0,0,0,0,0,0,0,0,0,0,0,0,0,0,0,0,0,0,0,0,0,0,0,0,0,0,0,0,0,0,0,0,0,0,0,0,0,0,0,0,0,0,0,0,0,0,0,0,0,0,0,0,0,0,0,0,0,0,0,0,0
0,0,0,0,0,0,0,0,0,0,0,0,0,0,0,0,0,0,0,0,0,0.067150644,0,0,0,0,0,0,0,0,0,0,0,0,0,0,0,0,0,0,0,0,0,0,0,0,0,0,0,0,0,0,0,0,0,0,0,0,0,0,0,0,0,0,0,0,0,0,0,0,0,0,0,0,0,0,0,0
0,0,0,0,0,0,0.183832653,0,0,0,0,0,0,0,0,0,0,0,0,0,0,0,0,0,0,0,0,0,0,0,0,0,0,0,0,0,0,0,0,0,0,0,0,0,0,0,0,0.120740283,0,0,0,0,0,0,0,0,0,0,0,0,0,0,0,0,0,0,0,0,0,0,0,0,0,0,0,0,0,0
0,0,0,0,0,0,0,0,0,0,0,0,0,0,0,0,0,0,0,0,0,0,0,0,0,0,0,0,0,0,0,0,0,0,0,0,0,0,0,0,0,0,0,0,0,0,0,0,0,0,0,0,0,0,0,0,0,0,0,0,0,0,0,0,0,0,0,0,0,0,0,0,0,0,0,0,0,0
0,0,0,0,0,0,0,0,0,0,0,0,0,0,0,0,0,0,0,0,0,0,0,0,0,0,0,0,0,0,0,0,0,0,0,0,0,0,0.371116727,0,0,0,0,0,0,0,0,0,0,0,0,0,0,0,0,0,0,0,0,0,0,0,0,0,0,0,0,0,0,0,0,0,0,0,0,0,0,0
0,0,0,0,0,0,0,0,0,0,0,0,0,0,0,0,0,0,0,0,0,0,0,0,0,0,0,0,0,0,0,0,0,0,0,0,0,0,0,0,0,0,0,0,0,0,0,0,0,0,0,0,0,0,0,0,0,0,0,0,0,0,0,0,0,0,0,0,0,0,0,0,0,0,0,0,0,0
0,0,0,0,0,0,0,0,0,0,0,0,0,0,0,0,0,0,0,0,0,0,0,0,0,0,0,0,0,0,0,0,0,0,0,0,0,0,0,0,0,0,0,0,0,0,0,0,0,0,0,0,0,0,0,0,0,0,0,0,0,0,0,0,0,0,0,0,0,0,0,0,0,0,0,0,0,0
0,0,0,0,0,0,0.183832653,0,0,0,0,0,0,0,0,0,0,0,0,0,0,0,0,0,0,0,0,0,0,0,0,0,0,0,0,0,0,0,0,0,0,0,0,0,0,0,0,0,0,0,0,0,0,0,0,0,0,0,0,0,0,0,0,0,0,0,0,0,0,0,0,0,0.035264835,0,0.034146102,0,0,0
0,0,0,0,0,0,0.183832653,0,0,0,0,0,0,0,0,0,0,0,0,0,0,0,0,0,0,0,0,0.084067594,0,0,0,0,0,0,0,0,0,0,0,0,0,0,0,0,0,0,0,0,0,0,0,0,0,0,0,0,0,0,0,0,0,0,0,0,0,0,0.173030438,0,0,0,0,0.022316475,0,0,0,0,0,0
0,0,0,0,0,0,0.183832653,0,0,0,0,0,0,0,0,0,0,0,0,0,0,0,0,0,0,0,0,0,0,0,0,0,0,0,0,0,0,0,0,0,0,0,0,0,0,0,0,0,0,0,0,0,0,0,0,0,0,0,0,0,0,0,0,0,0,0,0,0,0,0,0,0.011158237,0,0,0.034146102,0,0,0
0,0,0,0,0,0,0,0,0,0,0,0,0,0,0,0,0,0,0,0,0,0,0,0,0,0,0,0,0,0.063228911,0,0,0,0,0,0,0,0,0,0.110161276,0,0,0,0,0,0,0,0,0,0,0,0,0,0,0,0,0,0,0,0,0,0,0,0,0,0,0.173030438,0,0.1999904,0,0,0.033474712,0.035264835,0,0,0,0,0
0,0,0,0,0,0,0,0,0,0,0,0,0,0,0,0,0,0,0,0,0,0,0,0,0,0,0,0,0,0,0,0,0,0,0,0,0,0,0,0,0,0,0,0,0,0,0,0.120740283,0,0,0,0,0,0,0,0,0,0,0.11369321,0,0,0,0,0,0,0,0,0,0,0,0,0.055791187,0,0.070971313,0.102438305,0,0,0
0,0,0,0,0,0,0.183832653,0,0,0,0.291484853,0,0,0,0,0,0,0,0,0,0,0.067150644,0,0,0,0,0,0,0,0,0,0,0,0,0,0,0,0,0,0,0,0,0,0,0,0,0,0.120740283,0,0,0,0,0,0,0,0,0,0,0,0,0,0,0.083595545,0,0,0,0.173030438,0,0,0,0,0.066949424,0.070529671,0,0.068292203,0,0,0
0,0,0,0,0,0,0,0,0,0.260313626,0,0,0,0,0,0,0,0,0,0,0,0,0,0,0.072330533,0,0,0,0,0,0,0,0,0.141611969,0,0,0,0,0.371116727,0,0,0,0.465003813,0,0,0,0,0,0,0,0,0,0,0,0,0,0,0,0,0,0,0,0.083595545,0,0,0,0,0,0,0,0,0.111582373,0.035264835,0,0.068292203,0,0,0
0,0,0,0,0,0,0.183832653,0,0,0.520627252,0,0,0,0,0,0,0,0.124630005,0,0,0,0.067150644,0,0,0.144661066,0,0,0,0,0,0,0,0,0,0,0.46936898,0,0,0.371116727,0,0,0,0,0,0,0,0,0,0,0,0,0,0,0,0,0,0.396008237,0,0,0.506719095,0,0,0.083595545,0,0,0,0.173030438,0,0,0,0,0.089265898,0.035264835,0,0.068292203,0,0.042873024,0.069934471
0,0,0,0,0,0,0.183832653,0,0,0,0,0,0,0,0,0,0.124580475,0,0,0,0,0.134301287,0,0,0.072330533,0,0,0,0,0,0,0,0,0.141611969,0,0,0,0,0,0,0,0,0,0.16179816,0.265506227,0,0,0,0.144578244,0,0,0.465321886,0,0,0,0,0,0,0,0,0,0,0.250786634,0,0,0,0,0,0,0,0,0.16737356,0.070529671,0,0.307314914,0,0.042873024,0
0,0,0,0,0,0,0.183832653,0,0,0.260313626,0.291484853,0.175568579,0,0,0,0,0,0.124630005,0,0,0.179459432,0.067150644,0,0,0,0,0,0,0,0.063228911,0,0,0,0,0,0,0,0,0,0.110161276,0,0,0,0,0,0,0,0,0,0,0,0.465321886,0,0,0,0,0.396008237,0,0.11369321,0,0,0,0.083595545,0,0,0,0,0.11574342,0,0,0,0.234322983,0.070529671,0.070971313,0.273168813,0,0.042873024,0
0,0,0,0,0,0,0.183832653,0,0,0,0,0.351137158,0,0,0,0,0,0,0,0,0,0.134301287,0,0,0.144661066,0,0.518669509,0,0,0.063228911,0,0.08198072,0,0.141611969,0,0,0,0,0.742233455,0.110161276,0,0,0,0.16179816,0,0.31014099,0,0.241480566,0.144578244,0,0,0,0,0,0,0,0,0,0,0,0,0,0.083595545,0,0,0,0.173030438,0,0.1999904,0,0,0.29011417,0.176324177,0,0.239022711,0,0,0.069934471
0,0,0,0,0.343778469,0,0.183832653,0,0.346442726,0,0,0.175568579,0,0.5999856,0,0,0,0,0,0.29310643,0,0,0.156968622,0.77273781,0,0,0,0.168135187,0,0.063228911,0,0,0,0,0,0,0,0,0,0,0,0,0,0,0,0,0,0.120740283,0,0,0,0,0,0.309467221,0,0,0,0,0,0,0,0.131345636,0.167191089,0,0,0,0.173030438,0.11574342,0.1999904,0,0,0.267797695,0.176324177,0,0.307314914,0.087606409,0,0.069934471
0,0,0,0,0,0,0.183832653,0,0,0.260313626,0,0,0.377291575,0.1999952,0,0.777296717,0.24916095,0,0,0,0.179459432,0.067150644,0,0,0.144661066,1.067657453,0,0,0,0.063228911,0,0.08198072,0,0,0,0,0,0,0,0,0,0,0,0,0,0,0,0,0.289156487,0,0,0.930643773,0,0,0,0.350762734,0,0,0.341079631,0,0,0.131345636,0.167191089,0,0,0,0.346060876,0.11574342,0,0.671382006,0,0.479804204,0.176324177,0.141942627,0.341461016,0,0,0.139868943
1.034757505,0,0,0,0.343778469,0.215806999,0,0.30602705,0,0,0,0.526705737,0,0.3999904,0,0,0,0,0.264195209,0,0,0.134301287,0.156968622,0,0.144661066,1.067657453,0,0.252202781,0,0.126457822,0,0,0.282307241,0,0,0.46936898,0.358994242,0,0.371116727,0,0,0,0,0,0,0,0.300390508,0,0,0.494415576,0,0.465321886,0,0,0,0,0,0,0,0,0,0,0.417977723,0,0,0,0.519091313,0,0,0.335691003,0,0.502120679,0.246853848,0.070971313,0.307314914,0.175212818,0.042873024,0.279737886
0,0,0,0,0,0.215806999,0.919163267,0.30602705,0.346442726,0.780940878,0,0.175568579,0.188645787,0.3999904,0,0.388648359,0.24916095,0.249260009,0,0,0.179459432,0.268602575,0,0.77273781,0.433983199,0,0,0.252202781,0.705362874,0.189686732,0,0.08198072,0.846921722,0.283223938,0,0,0,0,0,0.110161276,0,0,0,0,0.132753114,0,0.600781015,0.362220848,0,0,0.381533766,0.465321886,0,0,0,0,0.396008237,0.546075085,0.22738642,0,0,0.131345636,0.167191089,0,0,0,0.173030438,0.5787171,0,0.335691003,0,0.569070103,0.176324177,0.070971313,0.512191524,0.438032045,0.042873024,0
0.517378752,0,0,0,0,0.431613999,0.55149796,0,0,0.260313626,0,0,0.188645787,0.5999856,0,0.777296717,0.373741426,0.124630005,0.264195209,0,0.358918865,0.268602575,0.156968622,0,0.361652666,0,0,0.504405562,0,0.189686732,0,0.16396144,0,0.424835907,0.131367377,0,0,0,0.371116727,0,0,0,0,0.16179816,0.132753114,0,0,0,0.144578244,0,0,0.465321886,0,0,0.177864734,0.350762734,0.396008237,1.092150171,0,0,0,0,0.250786634,0.450059183,0.573588542,0,0.519091313,0.23148684,0,0.167845502,0,0.591386577,0.564237366,0.070971313,0.785360337,0.175212818,0.171492097,0.069934471
1.552136257,0.577060684,0,0,0.343778469,0,0.55149796,0,0.692885452,0,0,0.175568579,0,0.7999808,0,0.388648359,0.373741426,0.124630005,0,0.29310643,0.179459432,0.402903862,0,0,0.506313732,0,0,0.67254075,0,0.063228911,0,0.08198072,0.282307241,0.566447876,0,0.46936898,0.358994242,0,0.371116727,0,0,0,0,0.16179816,0,0,0.300390508,0.482961131,0.289156487,0,0,0.930643773,0,0,0,0.350762734,0,0,0.22738642,0,0,0.525382544,0.752359902,0,0.573588542,0,0.346060876,0.11574342,0,0.335691003,0,0.948450171,0.634767037,0.283885254,0.648775931,0.087606409,0.042873024,0.069934471
0,1.154121367,0,0,0,0.431613999,0.919163267,0.153013525,0,0.260313626,0,0,0,1.199971201,0,0,0.498321901,0.124630005,0.792585626,0.29310643,0,0.268602575,0.156968622,0,0.578644265,0,0,0.67254075,0.705362874,0.316144554,0,0.08198072,0,0.283223938,0.131367377,0,0.717988483,0.709320471,1.113350182,0.220322552,0.626711706,0,0,0.16179816,0,0.31014099,0.300390508,0.362220848,0.433734731,0,0,0,0,0,0.177864734,0.350762734,0.396008237,1.092150171,0.22738642,0,0.390053632,0.262691272,0.417977723,0,0.573588542,0,1.211213064,0.46297368,0.1999904,0.671382006,0.474793228,1.28319729,0.317383518,0.21291394,0.819506439,0.262819227,0.085746049,0.419606828
0,1.154121367,0,0,0.343778469,0.647420998,0.183832653,0.30602705,1.039328178,0,0.582969706,0,0.188645787,0.5999856,0,0.777296717,0.373741426,0.124630005,0.528390417,0,0.358918865,1.0744103,0.313937244,0,0.723305332,0,0,0.336270375,0,0.379373465,0,0,0.282307241,0.283223938,0.262734754,0.46936898,0.358994242,0,1.484466909,0.220322552,1.253423413,0,0,0.64719264,0.663765569,0.62028198,0.300390508,0.241480566,0.433734731,0,0,0.930643773,0,0.928401664,0.177864734,0,0.396008237,0,0.454772841,0.506719095,0.780107265,0.394036908,0.501573268,0,0.573588542,0,0.692121751,0.46297368,0.1999904,1.846300517,0,1.327830239,0.670031872,0.070971313,0.921944743,0.350425636,0.342984194,0.4895413
0.517378752,0.577060684,0,0,1.031335407,0,0.735330614,0.153013525,1.73221363,0.260313626,0.582969706,0.351137158,0.754583149,0.7999808,0,0.777296717,0.373741426,0.124630005,0.792585626,0,0.538378297,1.007259656,0,0.77273781,0.361652666,0,0,0.588473156,0,0.379373465,0.384944068,0.491884319,0.282307241,0.141611969,0.656836884,0.938737961,1.076982725,1.418640942,1.113350182,0.330483828,0,0,0.465003813,0.48539448,0.398259341,0.31014099,0.600781015,0.482961131,0.289156487,0,0,0.465321886,0,1.237868885,0.177864734,0,0.396008237,0,0.454772841,0,0,0.262691272,0.585168813,0,1.147177084,0,0.519091313,0.46297368,0.599971201,0.335691003,0.474793228,1.394779663,0.634767037,0.21291394,1.399990166,0.350425636,0.471603267,0.629410243
0.517378752,0.577060684,0.668020522,0,1.718892346,0.863227998,0.367665307,0.30602705,0,1.561881755,0,0.175568579,0.377291575,1.199971201,0,1.165945076,0.373741426,0.498520019,0,0.29310643,0.538378297,0.604355794,0.627874488,1.54547562,0.723305332,0,0.518669509,0.67254075,0,0.252915643,0.384944068,0.16396144,0.846921722,0.424835907,0.262734754,1.877475921,0.358994242,0,0,0.330483828,0,0.580410002,0,0.32359632,0.531012455,0.31014099,0.600781015,0.362220848,0.144578244,0,0,0.465321886,0.729128691,1.237868885,0.355729468,0,0.792016474,1.092150171,1.136932102,0,0,0.788073816,0.668764358,0.450059183,0.573588542,0,0.346060876,0.23148684,0.1999904,0.503536505,0,1.238564341,0.599502202,0.283885254,1.673158979,0.350425636,0.60022234,0.349672357
0,1.731182051,0,0.717123474,0,0.647420998,1.102995921,0,0.346442726,0.520627252,0.874454559,0.526705737,0.377291575,0.5999856,0.936303287,1.554593435,0.747482851,0.249260009,0,0,0.358918865,1.141560944,0.78484311,0,0.289322133,0,0,1.176946312,0,0.505831286,0.384944068,0.737826478,0.846921722,0.424835907,0.131367377,1.408106941,1.435976967,0.709320471,0,0.550806381,0,0,0.465003813,0.32359632,0.398259341,0,0.300390508,0.482961131,0.722891218,0,0.381533766,0.465321886,0.729128691,1.547336106,0.355729468,0.350762734,1.188024711,1.092150171,1.023238892,0,0,0.394036908,1.086742081,0,0.573588542,0,1.038182627,0.46297368,0.399980801,0.503536505,0.949586455,1.495203799,0.775826379,0.496799194,1.604866776,0.438032045,0.643095364,0.629410243
0.517378752,1.154121367,0.668020522,0.717123474,0.687556938,0,1.102995921,0.30602705,0,0.520627252,1.165939412,0.702274315,0.943228937,1.199971201,2.808909862,0.388648359,0.872063327,0,0.528390417,0.58621286,0.717837729,1.275862231,0.627874488,0,0.723305332,3.202972358,1.037339018,1.092878718,0,0.885204751,0,0.327922879,0.564614481,0.283223938,0.525469507,1.408106941,0.358994242,4.965243297,0.742233455,0.440645104,0,0,0.930007626,0.48539448,0.663765569,0.31014099,0.300390508,0.241480566,0.867469461,0,0.763067531,0.930643773,0.729128691,0,0,0.701525467,0,1.092150171,0.682159261,0.506719095,0.390053632,0.65672818,1.086742081,1.350177548,1.147177084,0.476158732,0.865152189,0.69446052,0.599971201,0.503536505,0,1.629102647,1.199004403,0.42582788,1.946327792,1.138883316,0.814587461,1.328754957
0.517378752,1.154121367,0,0.717123474,0.687556938,0.215806999,0.183832653,0.765067624,0.692885452,0.260313626,0,0.702274315,1.131874724,1.799956801,0,1.554593435,1.121224277,0.249260009,0,0.58621286,0.358918865,1.275862231,1.098780354,0,0.940296931,0,1.556008527,1.849487062,0,0.569060197,0,0.327922879,0.564614481,0.566447876,0.525469507,1.408106941,2.15396545,2.127961413,0.742233455,0.550806381,1.253423413,0.580410002,0,0.32359632,0.929271796,0.31014099,0,0.84518198,0.433734731,0.494415576,0,0,2.187386074,0.618934442,0.533594202,1.052288201,1.188024711,0.546075085,2.046477784,2.026876381,1.170160897,1.050765088,1.337528715,0,1.720765626,1.904634929,0.519091313,0.69446052,0.399980801,1.342764013,0,1.952691529,1.022680226,0.638741821,1.878035588,0.700851271,0.857460485,1.049017071
1.034757505,1.154121367,2.004061565,0.717123474,1.031335407,0.215806999,1.102995921,0.30602705,1.385770904,1.301568129,2.040393971,0.175568579,1.131874724,2.199947201,0,1.554593435,1.370385228,0.373890014,0.792585626,0.58621286,0.179459432,1.813067381,0.470905866,0,0.650974799,0,0.518669509,1.429149093,0.705362874,0.695518019,1.154832203,0.737826478,0.846921722,0.708059845,0.656836884,2.346844902,0.717988483,4.255922826,1.113350182,0.771128933,0.626711706,0,0.465003813,0.48539448,0.531012455,0.93042297,0.300390508,1.328143111,0.867469461,0.494415576,0.381533766,1.395965659,1.458257382,0.928401664,0,0.350762734,0.396008237,3.276450512,1.478011733,0,0,0.131345636,1.755506439,0.450059183,1.720765626,0.476158732,0.519091313,0.5787171,0.999952002,2.517682524,1.424379683,2.086590376,1.516387922,1.064569701,2.458519316,1.314096134,0.643095364,1.328754957
1.034757505,0.577060684,1.336041043,2.868493897,0,0.215806999,1.286828574,0.30602705,0.692885452,0.780940878,0.874454559,0.877842894,1.320520511,2.999928002,0,1.943241794,0.747482851,0.249260009,1.056780834,0,0,1.813067381,0.78484311,2.31821343,0.723305332,1.067657453,1.037339018,1.513216687,0,1.201349305,0.384944068,1.311691516,1.129228962,1.557731659,0.919571637,2.816213882,1.076982725,0.709320471,0.371116727,0.550806381,1.253423413,0.580410002,0.930007626,0.64719264,0.663765569,1.24056396,0.600781015,0.603701414,0.867469461,0.494415576,0,2.326609432,1.458257382,0,0.177864734,1.052288201,0,0.546075085,1.364318523,0.506719095,0.780107265,0.788073816,1.42112426,0.450059183,1.147177084,0,1.384243502,0.69446052,0.399980801,1.846300517,0,2.053115664,1.481123086,0.567770507,2.834126433,1.401702543,1.071825606,1.748361785
0,1.154121367,1.336041043,0,0.343778469,0,0.55149796,0.918081149,1.73221363,1.561881755,0.874454559,0.702274315,2.075103661,2.199947201,0.936303287,2.720538511,0.622902376,0.373890014,1.056780834,0.29310643,1.076756594,1.544464806,1.098780354,1.54547562,0.867966398,0,0.518669509,2.101689843,0.705362874,0.695518019,0.384944068,1.229710797,1.693843444,0.991283783,0.788204261,1.877475921,0.358994242,3.546602355,1.113350182,0.881290209,0.626711706,0.580410002,0.930007626,0.97078896,1.858543592,1.55070495,0.300390508,0.724441697,0.722891218,1.483246728,0.381533766,0,0,1.237868885,0.177864734,0.701525467,1.188024711,1.638225256,1.932784574,1.520157286,0.390053632,0.788073816,1.25393317,0.900118366,0,0.952317465,0.519091313,0.92594736,0.599971201,0.671382006,0.949586455,2.053115664,1.939565946,1.419426268,1.878035588,1.576915361,0.857460485,1.608492842
1.034757505,0,0.668020522,0.717123474,1.031335407,0.431613999,0.55149796,0.459040575,0.346442726,0.780940878,0.582969706,0.526705737,1.320520511,1.799956801,1.872606575,1.554593435,1.245804752,0.498520019,1.320976043,1.17242572,0.897297161,1.477314162,1.255748976,2.31821343,0.867966398,0,0,1.933554655,0,1.074891483,0,1.065749357,1.693843444,0.566447876,0.525469507,1.877475921,1.076982725,2.837281884,1.855583637,0.771128933,0,0.580410002,0,1.29438528,1.194778024,1.860845941,1.201562031,1.448883394,0.722891218,0.494415576,0.763067531,0.465321886,0.729128691,0.618934442,0.177864734,1.403050934,1.188024711,1.092150171,1.023238892,0,1.170160897,0.525382544,2.591461885,1.800236731,1.720765626,1.428476197,1.903334816,0.69446052,0.599971201,1.678455016,1.89917291,2.454812207,1.692712099,1.490397581,2.424373214,2.277766632,1.4148098,1.748361785
1.034757505,2.308242735,0,0.717123474,0.343778469,0.431613999,0.919163267,0.459040575,2.078656357,1.561881755,2.040393971,0.351137158,0.943228937,1.399966401,0.936303287,3.10918687,2.36702903,0.373890014,0,1.17242572,0.717837729,1.813067381,1.412717598,1.54547562,1.157288531,0,0,1.59728428,0.705362874,1.327807127,0.769888135,1.311691516,0.846921722,0.849671814,0.656836884,5.163058784,1.794971209,3.546602355,1.484466909,0.771128933,0,0,0,0.64719264,1.194778024,2.791268911,0.600781015,0.965922263,0.867469461,0,0.763067531,0.465321886,2.187386074,0.309467221,0.711458935,1.753813668,0.396008237,3.822525597,2.273864205,1.01343819,1.170160897,0.788073816,1.25393317,0.450059183,0.573588542,0.476158732,1.903334816,1.62040788,0.599971201,1.342764013,0.474793228,2.086590376,2.115890123,1.561368895,2.424373214,1.839734588,0.814587461,2.167968613
1.034757505,0,0.668020522,0,0.687556938,0.647420998,0.735330614,0.918081149,2.078656357,2.082509007,2.040393971,0.526705737,2.452395236,1.599961601,0.936303287,2.331890152,0.996643802,0.373890014,1.585171251,0.87931929,0.179459432,1.745916737,1.412717598,1.54547562,0.940296931,0,0,1.59728428,0.705362874,1.454264948,1.154832203,0.655845758,2.540765166,1.557731659,0.39410213,0.938737961,1.435976967,2.127961413,0.742233455,0.220322552,0,0,0.930007626,1.6179816,1.593037365,1.24056396,1.501952538,1.69036396,1.156625949,0.988831152,0.381533766,0.930643773,2.187386074,0.309467221,0.711458935,0.701525467,0.396008237,1.638225256,1.705398154,0,0.390053632,0.525382544,1.337528715,0.450059183,4.015119794,3.809269858,0.692121751,1.1574342,0.599971201,1.174918511,0,2.120065088,1.586917592,1.206512328,2.458519316,1.839734588,1.028952582,1.748361785
2.586893761,1.731182051,3.340102608,1.434246949,1.031335407,0.863227998,1.102995921,0.765067624,1.385770904,1.301568129,2.331878824,0.175568579,2.452395236,2.599937601,0.936303287,1.943241794,0.996643802,0.373890014,0.528390417,0.87931929,1.076756594,2.484573818,0.78484311,0.77273781,1.229619064,2.135314906,1.556008527,2.353892624,0.705362874,1.517493859,0.384944068,1.229710797,1.411536203,0.849671814,0.131367377,1.877475921,1.794971209,2.127961413,1.855583637,0.771128933,0,0.580410002,0.465003813,1.6179816,1.194778024,1.860845941,0.600781015,1.569623677,1.445782436,1.977662304,0,0,0,0,1.067188403,1.403050934,1.584032948,3.822525597,2.160170995,0,0.780107265,0.919419452,1.42112426,1.350177548,2.294354168,1.904634929,0.865152189,0.69446052,0.799961602,1.342764013,0.474793228,2.387862784,2.574332983,1.277483641,2.048766096,1.489308952,1.071825606,2.867313327
0,2.885303419,0,0.717123474,1.031335407,0.647420998,1.102995921,0.765067624,1.73221363,1.561881755,1.748909118,0.526705737,2.075103661,1.999952001,0.936303287,3.497835229,1.494965703,0.373890014,1.056780834,1.465532149,0.538378297,2.215971243,2.668466574,1.54547562,1.37428013,4.270629811,0,2.101689843,0.705362874,1.264578216,0.769888135,2.049517994,1.411536203,0.424835907,1.182306391,4.224320823,0.358994242,2.127961413,0.742233455,1.101612761,0.626711706,0,0.465003813,0.8089908,1.460284251,0.31014099,1.802343046,1.448883394,1.156625949,0.494415576,1.907668829,1.395965659,1.458257382,0.618934442,0.355729468,1.753813668,0.792016474,3.276450512,3.524489517,0,1.170160897,1.576147632,1.755506439,0.450059183,2.294354168,1.428476197,1.730304378,1.38892104,0.799961602,1.007073009,0.474793228,2.454812207,1.657447263,1.774282835,2.834126433,2.102553814,1.586301897,2.727444385
0,0.577060684,0.668020522,2.868493897,1.375113877,0.863227998,1.470661228,1.071094674,2.425099083,1.561881755,2.040393971,1.053411473,1.697812086,1.599961601,0.936303287,2.720538511,1.744126653,0,0,0.58621286,0.897297161,2.081669956,1.098780354,0.77273781,1.952924396,1.067657453,0.518669509,1.429149093,1.410725748,1.201349305,0.384944068,0.983768637,1.129228962,1.274507721,1.050939014,1.877475921,1.794971209,0,0.371116727,0.771128933,1.880135119,0.580410002,0,0.8089908,1.725790478,1.55070495,0,0.965922263,1.012047705,0,1.526135063,0.465321886,0.729128691,0,0.177864734,0.701525467,1.980041185,2.730375427,1.932784574,3.040314571,0,1.707493269,2.089888617,0.900118366,1.720765626,0.952317465,1.384243502,0.81020394,0.799961602,1.510609514,0.474793228,2.175856275,2.151154959,1.419426268,2.082912198,2.190160223,1.586301897,2.51764097
0.517378752,1.731182051,0,2.868493897,0,0.647420998,0.735330614,0.765067624,0.346442726,1.822195381,1.457424265,1.228980052,2.263749448,2.199947201,0.936303287,2.331890152,0.996643802,0.623150023,1.056780834,0.29310643,1.435675458,1.61161545,1.726654842,1.54547562,1.446610664,2.135314906,0,0.924743531,0,1.454264948,0.384944068,0.983768637,1.129228962,0.708059845,1.576408521,1.877475921,2.871953934,2.837281884,1.484466909,0.550806381,0.626711706,1.160820003,0,1.13258712,0.663765569,0.93042297,0.300390508,1.811104242,0.578312974,0.494415576,1.144601297,0.930643773,0.729128691,0.618934442,0.533594202,1.052288201,0.396008237,2.730375427,1.364318523,2.026876381,0.390053632,1.182110724,1.504719804,3.150414279,1.720765626,0.476158732,1.384243502,0.81020394,1.799913604,1.678455016,0.474793228,1.829950918,2.539068148,1.348454955,2.390227113,2.540585859,1.71492097,2.237903085
1.034757505,2.308242735,2.004061565,2.151370423,0.687556938,0.863227998,1.286828574,0.765067624,1.73221363,2.082509007,2.331878824,0.526705737,1.697812086,1.599961601,0.936303287,5.441077022,0.747482851,0.249260009,0.264195209,0.58621286,1.435675458,2.484573818,2.35452933,1.54547562,1.59127173,1.067657453,2.074678036,2.101689843,0.705362874,0.885204751,0,1.393672236,0.846921722,1.132895752,1.050939014,2.346844902,2.15396545,4.965243297,0.371116727,0.771128933,0,0.580410002,1.395011439,1.13258712,1.858543592,1.860845941,0.901171523,0.84518198,1.590360679,0.494415576,0.381533766,1.395965659,1.458257382,0.928401664,0.355729468,1.052288201,0.792016474,1.638225256,2.046477784,1.01343819,0,1.050765088,1.25393317,0.450059183,1.720765626,0.952317465,1.384243502,1.1574342,0.399980801,1.510609514,0,1.785317969,2.856451666,1.277483641,2.185350503,1.927340997,1.286190728,2.167968613
0,2.308242735,2.672082086,2.151370423,1.031335407,1.294841997,0.55149796,0.612054099,1.385770904,2.082509007,1.457424265,0.175568579,1.509166299,1.399966401,2.808909862,1.943241794,0.872063327,0.124630005,0.528390417,0.29310643,0.538378297,1.947368668,1.883623464,3.09095124,1.59127173,1.067657453,0.518669509,1.261013906,1.410725748,1.707180591,0,2.049517994,1.976150684,0.566447876,0.656836884,4.224320823,3.230948176,1.418640942,0.371116727,1.321935313,0,1.160820003,1.395011439,1.13258712,1.858543592,0.31014099,1.802343046,1.086662545,0.722891218,0.988831152,0.763067531,0.465321886,2.187386074,1.547336106,0.177864734,0.701525467,1.980041185,2.184300341,1.364318523,1.520157286,1.170160897,1.182110724,1.337528715,0.900118366,5.162296878,2.380793661,1.903334816,0.5787171,0.599971201,2.349837022,0.949586455,1.818792681,2.574332983,1.561368895,2.014619995,2.190160223,1.200444679,1.888230728
1.552136257,1.731182051,0,1.434246949,1.031335407,0.647420998,0.735330614,1.071094674,0.346442726,2.603136259,0.874454559,0.175568579,0.943228937,1.599961601,1.872606575,0.777296717,1.993287604,0.498520019,0.792585626,1.17242572,0.717837729,1.678766093,1.726654842,3.86368905,1.301949597,1.067657453,1.037339018,1.849487062,0,1.201349305,0.384944068,1.229710797,1.129228962,1.132895752,0.656836884,0.938737961,1.076982725,2.837281884,2.597817091,0.660967657,1.253423413,0,0.465003813,0.8089908,1.194778024,1.860845941,0.300390508,0.482961131,0.867469461,0,0.381533766,0.465321886,0.729128691,0.309467221,1.245053137,0.350762734,1.188024711,0.546075085,1.478011733,1.01343819,1.560214529,1.576147632,1.42112426,1.350177548,3.441531252,1.904634929,1.211213064,0.92594736,0.599971201,2.18199152,0.949586455,1.818792681,2.609597819,1.206512328,1.843889487,1.401702543,1.371936776,2.307837556
0,1.731182051,0.668020522,2.868493897,1.031335407,0.431613999,0.367665307,0.918081149,1.385770904,1.561881755,2.331878824,0.175568579,1.697812086,1.799956801,2.808909862,1.554593435,2.491609505,0.249260009,0.264195209,1.465532149,1.256216026,1.61161545,2.35452933,2.31821343,1.012627464,3.202972358,0,1.092878718,2.116088622,1.264578216,0.384944068,1.393672236,1.129228962,0.424835907,0.788204261,2.816213882,1.076982725,4.255922826,0.371116727,0.660967657,0,1.160820003,0.465003813,0.16179816,2.12404982,1.55070495,1.201562031,0.482961131,0.433734731,0.494415576,0.381533766,0.465321886,1.458257382,0,0.177864734,0.350762734,1.188024711,1.092150171,1.136932102,0.506719095,1.170160897,0.525382544,1.170337626,1.800236731,1.147177084,2.380793661,1.211213064,0.92594736,0.799961602,1.174918511,1.424379683,1.57331146,2.433273642,1.774282835,1.843889487,1.927340997,1.114698631,2.587575442
0,2.308242735,0.668020522,1.434246949,1.375113877,0.863227998,0.735330614,0.918081149,1.73221363,1.041254503,1.165939412,1.58011721,0.565937362,0.999976001,0.936303287,2.331890152,1.619546178,0.872410033,0.264195209,0.58621286,0.538378297,2.081669956,0.78484311,0,1.157288531,1.067657453,0.518669509,1.261013906,0,0.948433662,0.384944068,1.557633676,0.846921722,0.708059845,0.919571637,1.408106941,1.076982725,4.965243297,1.113350182,0.881290209,1.253423413,0,0.465003813,1.6179816,2.12404982,0.93042297,1.802343046,1.207402828,0.722891218,0.494415576,0.381533766,1.395965659,0,0.928401664,0.177864734,1.052288201,0.396008237,2.184300341,1.478011733,0,1.950268162,0.919419452,1.003146536,0.900118366,1.720765626,0.952317465,2.076365253,0.81020394,0.599971201,1.510609514,1.89917291,1.595627935,2.398008806,1.632340208,2.185350503,1.401702543,1.672047946,2.237903085
0,1.731182051,0.668020522,2.868493897,1.375113877,0.215806999,1.102995921,0.918081149,1.73221363,1.301568129,2.331878824,1.053411473,0.943228937,2.199947201,0.936303287,0,0.747482851,0.747780028,1.056780834,1.17242572,0.717837729,1.275862231,1.412717598,3.86368905,1.012627464,1.067657453,0.518669509,2.101689843,0,0.695518019,0.769888135,1.311691516,0.564614481,0.566447876,0.262734754,0.938737961,0.717988483,0.709320471,1.113350182,1.211774037,0.626711706,0.580410002,0.930007626,1.45618344,1.06202491,1.24056396,0.600781015,0.84518198,0.433734731,0.988831152,0.381533766,0,3.645643456,0.618934442,0,0.350762734,1.980041185,1.092150171,1.364318523,0,0,0.65672818,1.25393317,0.450059183,3.441531252,2.380793661,1.730304378,1.04169078,0.999952002,1.174918511,0.474793228,1.484045562,2.644862654,1.490397581,1.91218169,0.700851271,1.886413067,2.937247799
0,0.577060684,1.336041043,1.434246949,0.343778469,0.647420998,1.470661228,1.530135249,2.078656357,0.520627252,1.457424265,1.053411473,0.754583149,1.399966401,0,1.554593435,1.370385228,0.872410033,0.528390417,1.17242572,0.538378297,1.745916737,2.197560708,2.31821343,1.446610664,1.067657453,0,1.59728428,1.410725748,0.948433662,1.154832203,0.983768637,0.846921722,1.274507721,0.788204261,2.346844902,0.717988483,2.127961413,1.484466909,0.991451485,0.626711706,0.580410002,0.930007626,0.48539448,1.194778024,1.24056396,2.102733554,1.328143111,1.301204192,0.988831152,0.763067531,0.465321886,1.458257382,0.618934442,0.177864734,1.052288201,1.980041185,0,2.046477784,0.506719095,1.560214529,1.050765088,1.504719804,1.350177548,0,0.952317465,1.038182627,1.04169078,0.1999904,0.503536505,0.949586455,1.16045668,2.75065716,1.632340208,2.219496605,1.927340997,1.457682825,1.258820485
0.517378752,1.731182051,0.668020522,2.151370423,1.375113877,0.215806999,0.735330614,0.765067624,0.692885452,2.342822633,2.91484853,0.526705737,2.075103661,0.7999808,1.872606575,3.10918687,1.370385228,0.498520019,0.792585626,1.758638579,0.717837729,1.275862231,1.098780354,2.31821343,1.229619064,1.067657453,0,1.176946312,0,0.632289108,1.154832203,1.311691516,0.564614481,0.849671814,0.39410213,2.346844902,2.15396545,3.546602355,0.371116727,0.660967657,0,0.580410002,0.465003813,1.45618344,0.929271796,2.170986931,1.802343046,0.603701414,0.722891218,1.483246728,0.763067531,0.930643773,1.458257382,1.547336106,0.711458935,1.403050934,0.396008237,2.184300341,1.932784574,0.506719095,0.780107265,1.182110724,1.003146536,0.450059183,2.294354168,2.380793661,1.211213064,0.5787171,0.799961602,2.014146019,0.474793228,1.28319729,2.221684629,0.780684447,1.809743385,1.839734588,1.371936776,1.818296256
0.517378752,0.577060684,0.668020522,0.717123474,0.687556938,1.510648996,1.102995921,0.30602705,1.73221363,0.260313626,1.457424265,0.351137158,2.641041023,0.5999856,1.872606575,1.165945076,1.121224277,0.373890014,0.264195209,0.29310643,1.794594323,1.343012875,1.726654842,0.77273781,0.578644265,1.067657453,0.518669509,1.849487062,1.410725748,1.011662573,0.769888135,0.819807198,0.846921722,0.991283783,0.919571637,2.346844902,1.794971209,3.546602355,1.113350182,0.660967657,0.626711706,0.580410002,0.930007626,0.97078896,1.460284251,0.62028198,0.600781015,1.207402828,1.445782436,0,0.763067531,0.930643773,1.458257382,0.928401664,1.245053137,0.701525467,1.980041185,0,1.705398154,0.506719095,0.780107265,1.444801996,1.42112426,1.800236731,1.720765626,1.428476197,2.076365253,1.85189472,0.599971201,1.007073009,0.474793228,1.238564341,1.798506605,0.993598388,1.297551861,1.576915361,1.672047946,1.818296256
0,2.885303419,1.336041043,0.717123474,1.031335407,0.647420998,0.735330614,0.459040575,1.385770904,1.561881755,1.457424265,0.526705737,1.509166299,0.5999856,1.872606575,1.554593435,1.245804752,0.373890014,1.056780834,2.051745009,0.538378297,1.275862231,1.412717598,1.54547562,1.37428013,4.270629811,0,1.429149093,1.410725748,1.201349305,1.154832203,1.147730077,1.129228962,1.132895752,1.050939014,0.938737961,0.358994242,2.127961413,1.113350182,0.660967657,1.880135119,2.321640007,0.465003813,0.48539448,1.593037365,0.62028198,1.802343046,1.569623677,0.722891218,0,0,2.791931318,0.729128691,0.309467221,0.355729468,0.350762734,1.584032948,2.730375427,1.591704943,1.520157286,1.560214529,0.919419452,1.839101983,1.350177548,1.147177084,0.952317465,1.211213064,1.1574342,0.799961602,1.007073009,1.89917291,1.015399595,1.974830782,1.277483641,1.502428471,1.752128179,1.286190728,1.398689428
0,1.154121367,0.668020522,0.717123474,0.687556938,0.863227998,0.367665307,0.918081149,2.078656357,0.520627252,0.874454559,0.175568579,1.886457874,1.199971201,0,1.165945076,0.747482851,0.373890014,0.792585626,1.465532149,1.076756594,1.0744103,1.412717598,2.31821343,0.723305332,1.067657453,0.518669509,1.345081499,0,1.201349305,1.154832203,1.147730077,1.129228962,0.283223938,0.788204261,3.285582862,0.717988483,1.418640942,1.484466909,0.771128933,0,1.741230005,1.395011439,1.6179816,1.327531137,1.24056396,1.201562031,0.603701414,1.012047705,0.494415576,1.907668829,0,2.187386074,0.309467221,0.355729468,0.701525467,0.792016474,2.184300341,2.046477784,0.506719095,0.780107265,1.838838905,1.671910894,0.450059183,0,1.904634929,1.211213064,0.81020394,0.799961602,1.342764013,0.474793228,1.138140205,1.974830782,1.916225462,1.331697963,1.401702543,0.685968388,1.608492842
0.517378752,1.154121367,2.004061565,3.585617372,0.343778469,1.294841997,0.55149796,1.377121724,1.73221363,1.561881755,1.457424265,0.526705737,2.641041023,1.399966401,0.936303287,0.388648359,0.996643802,0.124630005,0.528390417,1.758638579,0.717837729,1.410163519,1.098780354,1.54547562,0.940296931,5.338287264,0,1.261013906,0.705362874,0.695518019,0.384944068,1.229710797,0.846921722,0.991283783,0.131367377,0.46936898,2.15396545,2.127961413,0.371116727,0.771128933,0.626711706,4.062870011,0,0.64719264,0.929271796,0.62028198,0.600781015,1.086662545,0.433734731,1.483246728,0,1.395965659,0,1.237868885,0.711458935,0.701525467,0.396008237,1.092150171,1.136932102,0.506719095,0.780107265,1.31345636,1.337528715,0,1.147177084,3.333111126,1.55727394,1.38892104,0.399980801,0.671382006,1.424379683,1.16045668,1.869036276,1.348454955,1.331697963,1.051276907,1.157571655,2.167968613
0.517378752,1.731182051,2.004061565,2.868493897,0.343778469,0.647420998,0.919163267,0.612054099,1.039328178,1.301568129,2.040393971,0.175568579,1.320520511,1.599961601,1.872606575,0.777296717,1.245804752,0.498520019,0.528390417,1.465532149,0.538378297,0.738657081,0.78484311,2.31821343,1.301949597,6.405944717,0.518669509,1.345081499,0.705362874,1.327807127,0.384944068,1.065749357,2.823072406,0.708059845,0.656836884,1.408106941,0.358994242,0,1.484466909,0.991451485,0,1.160820003,0.465003813,1.13258712,1.194778024,0.93042297,1.201562031,0.724441697,0.578312974,0.988831152,0.381533766,0,0,1.237868885,0.177864734,0.350762734,1.584032948,0,1.591704943,0.506719095,0.390053632,0.919419452,0.919550992,1.350177548,0,0.476158732,1.384243502,0.81020394,0.999952002,2.014146019,0.949586455,0.859184273,1.37532858,1.064569701,1.434136268,1.314096134,0.900333509,2.377772028
0.517378752,0.577060684,1.336041043,0.717123474,0,0.431613999,0.367665307,0.765067624,1.385770904,0.520627252,1.457424265,0.351137158,1.509166299,0.5999856,1.872606575,1.165945076,0.996643802,0.373890014,0.264195209,1.758638579,1.076756594,1.410163519,1.56968622,1.54547562,1.229619064,0,0,1.429149093,1.410725748,1.074891483,1.539776271,1.475652956,1.411536203,0.424835907,0.525469507,1.877475921,0.717988483,2.127961413,0.371116727,0.991451485,0.626711706,1.160820003,0.465003813,1.29438528,0.929271796,0.31014099,1.201562031,0.603701414,1.012047705,0.494415576,0.763067531,0.930643773,2.916514765,1.237868885,0,0.350762734,1.188024711,1.638225256,1.591704943,0,0.780107265,1.707493269,1.588315349,1.350177548,2.86794271,0.952317465,1.038182627,0.69446052,1.599923204,1.342764013,0.949586455,0.814551323,1.939565946,1.845254148,1.092675251,0.963670498,0.943206534,1.678427314
0,1.154121367,1.336041043,2.151370423,0,1.294841997,1.102995921,0.765067624,0,1.561881755,0.874454559,0.351137158,1.697812086,1.399966401,0,0,1.245804752,0.249260009,0,1.17242572,0.538378297,1.141560944,0.78484311,0,0.795635865,2.135314906,2.074678036,0.840675937,0,0.82197584,0.769888135,1.065749357,0.564614481,0.849671814,0.39410213,1.408106941,1.435976967,1.418640942,0.742233455,0.660967657,0.626711706,2.321640007,0,0.64719264,1.460284251,2.481127921,0.901171523,0.724441697,1.012047705,0.988831152,0.381533766,1.395965659,2.187386074,0.618934442,0.177864734,0,0.396008237,0.546075085,0.909545682,0,1.170160897,1.444801996,1.42112426,0,1.147177084,1.904634929,2.595456567,1.38892104,0.599971201,1.174918511,0.474793228,0.624861289,1.410593415,1.632340208,1.160967455,2.102553814,0.986079558,1.328754957
1.552136257,0,2.004061565,1.434246949,0.343778469,0.431613999,0,0.612054099,1.73221363,0.780940878,1.748909118,0.526705737,1.509166299,0.7999808,1.872606575,1.943241794,0.996643802,0.872410033,0.528390417,1.17242572,0.538378297,1.0744103,1.098780354,0,1.012627464,1.067657453,1.556008527,0.756608343,0,1.327807127,0.769888135,0.409903599,0.564614481,0.849671814,0.919571637,0.46936898,0.717988483,1.418640942,0,1.652419142,0,1.160820003,0.930007626,1.13258712,1.194778024,0.62028198,0.901171523,0.84518198,1.445782436,0.494415576,0.381533766,0.465321886,0.729128691,0.928401664,0.711458935,0.350762734,0.396008237,1.638225256,1.705398154,0,1.170160897,1.31345636,1.170337626,0.450059183,0,2.856952394,1.903334816,0.46297368,0,0.671382006,0,0.680652476,1.904301111,1.206512328,1.365844064,1.576915361,1.329063752,1.328754957
1.034757505,2.308242735,0.668020522,0.717123474,0,0.431613999,1.102995921,0.30602705,1.385770904,1.301568129,1.748909118,0.351137158,1.509166299,0.7999808,0.936303287,0.388648359,0.996643802,0.124630005,0,2.051745009,0.717837729,0.738657081,1.56968622,0.77273781,0.723305332,0,0.518669509,1.092878718,0.705362874,0.695518019,0.384944068,0.737826478,0.846921722,0.283223938,0.656836884,0.938737961,1.076982725,1.418640942,0,0.881290209,0,0,0.465003813,0.64719264,1.725790478,1.24056396,0.300390508,1.328143111,0.144578244,0.988831152,0,0,1.458257382,0.618934442,0.533594202,0.701525467,1.188024711,1.638225256,0.909545682,1.01343819,0,1.050765088,0.919550992,0.900118366,0.573588542,1.428476197,1.384243502,0.34723026,0.1999904,2.014146019,0.949586455,0.58022834,1.727976934,1.845254148,1.195113556,1.051276907,1.157571655,1.258820485
0.517378752,1.154121367,0.668020522,2.151370423,0,0,0.919163267,0.459040575,1.73221363,1.041254503,1.165939412,0.702274315,2.452395236,0,0.936303287,0.777296717,0.498321901,0.124630005,0.528390417,2.051745009,0,1.477314162,0.627874488,2.31821343,0.578644265,2.135314906,0,0.504405562,1.410725748,1.138120394,0.384944068,0.573865038,1.411536203,1.132895752,0.525469507,1.877475921,0.358994242,2.127961413,0,0.771128933,0.626711706,1.160820003,0,1.45618344,0.663765569,1.55070495,2.403124061,0.84518198,1.012047705,0.494415576,0.763067531,0.930643773,1.458257382,0.928401664,0.711458935,1.052288201,0.396008237,0.546075085,0.682159261,0.506719095,1.560214529,1.838838905,1.003146536,0.450059183,1.720765626,2.380793661,0.692121751,0.69446052,0.1999904,1.678455016,0.474793228,0.636019526,1.551652757,1.277483641,0.717068134,1.226489725,0.814587461,1.049017071
0,0.577060684,0.668020522,1.434246949,0.343778469,0.647420998,0.55149796,0.459040575,0.692885452,1.561881755,1.748909118,0.351137158,0.754583149,0.5999856,0.936303287,1.165945076,1.121224277,0.498520019,0.264195209,2.344851439,0.538378297,1.007259656,1.098780354,0.77273781,0.723305332,2.135314906,0.518669509,0.588473156,1.410725748,0.885204751,0.769888135,1.147730077,0.846921722,0.708059845,0.656836884,0.938737961,0.358994242,1.418640942,0,0.771128933,0,0,0.465003813,0.97078896,1.460284251,1.55070495,1.802343046,0.965922263,1.301204192,0.494415576,0.381533766,0.465321886,0,0.618934442,0.177864734,1.403050934,1.584032948,1.092150171,1.250625313,1.01343819,0.390053632,0.919419452,1.003146536,0.450059183,1.147177084,1.428476197,1.55727394,0.5787171,0.599971201,0.167845502,1.89917291,0.557911865,1.37532858,1.561368895,1.05852915,0.963670498,1.286190728,1.049017071
0,0.577060684,1.336041043,1.434246949,0,0.431613999,0.367665307,1.530135249,1.73221363,1.041254503,2.623363677,0.702274315,1.697812086,1.399966401,0.936303287,0.777296717,1.245804752,0.124630005,0,0.29310643,0.179459432,1.141560944,1.56968622,0.77273781,0.578644265,1.067657453,0.518669509,1.345081499,0.705362874,0.695518019,3.464496609,0.983768637,0.564614481,0.708059845,0.39410213,0.938737961,1.076982725,0.709320471,0.742233455,0.550806381,0,1.160820003,0.930007626,0.64719264,0.796518682,1.55070495,0,1.69036396,0.144578244,0,0.763067531,0.465321886,0.729128691,1.237868885,0.533594202,0.701525467,1.188024711,0.546075085,0.795852472,0.506719095,0.390053632,0.919419452,0.668764358,1.800236731,0.573588542,0.476158732,0.173030438,0.69446052,1.199942403,1.342764013,1.424379683,0.502120679,1.516387922,1.277483641,1.092675251,1.226489725,0.900333509,0.9790826
0,0,0,1.434246949,0,0,0.367665307,0.612054099,2.771541809,1.561881755,1.165939412,0.351137158,1.697812086,0.5999856,0.936303287,0.777296717,1.245804752,0.124630005,0.264195209,1.465532149,0.717837729,1.141560944,0.627874488,2.31821343,0.650974799,2.135314906,0.518669509,1.429149093,3.52681437,0.505831286,1.539776271,0.655845758,0.564614481,0.708059845,0.262734754,0.938737961,1.076982725,4.965243297,1.113350182,0.660967657,1.253423413,1.160820003,0,1.29438528,1.06202491,0.31014099,1.201562031,0.84518198,0.722891218,0.494415576,0,0.465321886,1.458257382,1.547336106,0,0.701525467,0,1.092150171,0.909545682,0,2.340321794,1.838838905,1.086742081,0,0.573588542,1.904634929,1.384243502,1.38892104,0.1999904,1.510609514,0.474793228,0.45748773,1.093209897,1.135541014,0.990236947,1.489308952,0.771714437,0.839213657
0.517378752,0,1.336041043,1.434246949,0.687556938,0.215806999,0.367665307,0.30602705,0.346442726,0.780940878,0.874454559,0.351137158,1.697812086,1.199971201,0,1.165945076,0.498321901,0.124630005,1.056780834,1.17242572,0.717837729,0.604355794,0.313937244,0,0.650974799,1.067657453,1.037339018,0.67254075,0.705362874,0.442602376,2.309664406,1.147730077,0.846921722,1.132895752,0.262734754,0.46936898,0.358994242,0.709320471,0,0.660967657,0,0.580410002,0.930007626,0.97078896,0.796518682,0.62028198,0.600781015,0.603701414,0.433734731,0.988831152,0.763067531,0,0,1.237868885,0.355729468,0.350762734,0,0,1.250625313,2.533595476,1.170160897,1.182110724,0.919550992,0,0,1.904634929,1.038182627,0.46297368,0.999952002,0.671382006,0.474793228,0.569070103,1.199004403,1.561368895,0.614629829,1.927340997,0.685968388,0.699344714
0.517378752,1.731182051,1.336041043,2.868493897,0.343778469,0,0.55149796,0.765067624,0,1.822195381,0.874454559,0,1.131874724,0.5999856,0.936303287,0,0.747482851,0,0.528390417,0,0.358918865,1.141560944,0.313937244,0.77273781,0.650974799,2.135314906,1.556008527,1.176946312,0,0.252915643,1.539776271,0.983768637,0.846921722,0.566447876,0.525469507,0.46936898,0.358994242,0,0,0.771128933,0.626711706,1.741230005,0.930007626,1.13258712,1.194778024,0.93042297,1.501952538,0.965922263,0.289156487,0,0.763067531,0.465321886,0.729128691,0.928401664,0.355729468,0.350762734,0,1.092150171,0.682159261,0.506719095,1.170160897,0.65672818,0.334382179,0.900118366,0,0.476158732,1.211213064,0.23148684,0.599971201,1.510609514,2.848759365,0.468645967,1.304798909,0.780684447,0.478045423,1.314096134,0.60022234,0.9790826
0,0.577060684,0.668020522,0.717123474,0,0.647420998,0.919163267,0.459040575,0.346442726,1.822195381,2.040393971,0.175568579,1.320520511,1.199971201,2.808909862,0.388648359,1.245804752,0.249260009,1.056780834,1.17242572,0.717837729,0.335753219,0.78484311,0.77273781,0.867966398,0,0,0.588473156,0.705362874,0.948433662,0.769888135,0.819807198,0.846921722,0.708059845,0.656836884,0.938737961,0.717988483,0.709320471,0,0.771128933,0,0.580410002,0.930007626,0.8089908,1.194778024,1.55070495,1.501952538,0.482961131,0.289156487,0.988831152,0,0,0.729128691,0.618934442,0,0.701525467,0.396008237,1.638225256,0.909545682,0.506719095,1.950268162,0.65672818,0.668764358,1.800236731,0,0,1.038182627,0.46297368,0.999952002,0.671382006,0.949586455,0.41285478,1.199004403,1.277483641,0.717068134,0.876064089,0.943206534,0.9790826
0,1.154121367,1.336041043,1.434246949,0.343778469,0.431613999,0.919163267,0.765067624,0.346442726,1.041254503,0.874454559,0.351137158,1.697812086,1.199971201,0.936303287,1.943241794,1.370385228,0.373890014,0.792585626,0.58621286,0.717837729,0.671506437,1.098780354,0.77273781,0.289322133,1.067657453,2.074678036,1.345081499,2.821451496,0.569060197,0.769888135,0.819807198,0.564614481,1.274507721,0.39410213,0.46936898,0,2.127961413,0.371116727,0.771128933,0,1.741230005,0.930007626,0.64719264,0.398259341,0.93042297,0.901171523,0.362220848,0.867469461,0,0.381533766,0,0.729128691,1.237868885,0.177864734,0.350762734,0.396008237,1.092150171,0.341079631,1.01343819,0.780107265,0.525382544,0.668764358,0.900118366,0,0.952317465,0.692121751,0.5787171,1.199942403,1.007073009,2.373966138,0.368221831,0.952150555,1.064569701,0.682922032,0.613244863,0.857460485,0.559475771
0,1.154121367,1.336041043,2.151370423,0.687556938,0.215806999,0,0.612054099,1.385770904,1.822195381,0.291484853,0.175568579,0.754583149,0.999976001,0.936303287,0.777296717,1.245804752,0.373890014,0.528390417,0.29310643,0.538378297,0.940109012,0.627874488,0,0.433983199,2.135314906,0.518669509,0.756608343,0,0.695518019,1.539776271,0.819807198,1.411536203,0.566447876,0.39410213,0.46936898,0,1.418640942,0.371116727,0.881290209,0,1.160820003,3.255026691,1.13258712,0.663765569,0,1.501952538,0.120740283,0.433734731,0.494415576,0.381533766,0.465321886,0.729128691,1.237868885,0.533594202,0.701525467,0.792016474,0,1.250625313,1.01343819,0.780107265,0.919419452,0.417977723,0.900118366,0,0,1.038182627,0.46297368,0.399980801,0.503536505,0,0.468645967,0.987415391,1.206512328,0.580483727,1.138883316,0.857460485,0.9790826
0,2.308242735,0.668020522,0,0.343778469,1.294841997,0.183832653,0.612054099,0,1.301568129,1.165939412,0.526705737,1.509166299,0.999976001,0.936303287,0.388648359,0.498321901,0.249260009,0.264195209,1.17242572,0.717837729,0.805807725,0.470905866,0,0.795635865,2.135314906,1.037339018,0.504405562,0.705362874,0.442602376,3.079552541,1.147730077,0.564614481,1.132895752,0.131367377,1.877475921,0.717988483,1.418640942,0,0.881290209,0.626711706,1.160820003,1.395011439,1.6179816,1.194778024,1.860845941,0.600781015,0.724441697,0.433734731,0.988831152,0.381533766,1.395965659,0,0.309467221,0.177864734,0.350762734,0.396008237,1.092150171,0.909545682,2.026876381,0.390053632,0.525382544,0.250786634,1.800236731,1.147177084,0.476158732,0.173030438,0.5787171,0.599971201,1.007073009,0.949586455,0.312430645,1.304798909,0.993598388,0.751214235,0.876064089,0.728841412,1.118951542
0.517378752,0,0.668020522,1.434246949,0.343778469,0.431613999,0.735330614,0.459040575,1.73221363,1.041254503,1.165939412,0,0.565937362,0.7999808,0,0.777296717,1.121224277,0,0.264195209,2.931064299,0.358918865,0.604355794,0.156968622,0,0.723305332,1.067657453,1.556008527,0.504405562,1.410725748,0.758746929,0.384944068,0.655845758,0.846921722,0.566447876,0.39410213,0.46936898,0,1.418640942,0,0.550806381,0,0.580410002,0.930007626,0.16179816,0.531012455,1.55070495,0.600781015,0.482961131,0.144578244,0,0.381533766,0,1.458257382,0.928401664,0.177864734,0,0,0,0.11369321,2.026876381,0.390053632,0.919419452,0.334382179,0.450059183,0,1.904634929,1.038182627,0.34723026,0.399980801,1.007073009,0,0.323588882,1.093209897,1.064569701,0.512191524,0.876064089,0.771714437,0.839213657
0,4.61648547,0,0.717123474,0.687556938,0.215806999,0,0.765067624,1.385770904,0.520627252,0.874454559,0.175568579,1.131874724,0.999976001,0,1.165945076,0.872063327,0.498520019,0.264195209,0.87931929,0.179459432,0.402903862,0.470905866,0,0.867966398,3.202972358,0.518669509,0.504405562,0,1.074891483,1.154832203,0.819807198,1.411536203,0.849671814,0.262734754,0,0.358994242,1.418640942,0.371116727,0.440645104,0.626711706,1.160820003,0.930007626,0.32359632,0.398259341,0.93042297,0.600781015,0.724441697,0.289156487,0,0.381533766,0,0.729128691,0.928401664,0.355729468,0.701525467,0.396008237,0.546075085,0.909545682,0,1.170160897,0.919419452,0.417977723,0.450059183,0.573588542,1.428476197,0.173030438,0.92594736,0.799961602,0.671382006,1.424379683,0.278955933,0.740561543,0.780684447,0.580483727,0.876064089,0.514476291,0.349672357
0,0,0.668020522,0,0.687556938,0.647420998,0.183832653,0.459040575,1.039328178,1.561881755,0.582969706,0,0.754583149,0.999976001,0,0.388648359,0.747482851,0.124630005,0.264195209,1.758638579,0.538378297,0.268602575,0.313937244,0.77273781,0.2169916,1.067657453,1.037339018,0.336270375,0,0.505831286,0.384944068,1.639614395,0.846921722,0.566447876,0,0.46936898,0,1.418640942,0.371116727,0.330483828,0,0,0,1.29438528,0.663765569,0.93042297,0.600781015,0.362220848,0.144578244,1.483246728,0.381533766,0,1.458257382,0.309467221,0.177864734,0.701525467,0,0.546075085,0.568466051,0,0.780107265,1.050765088,0.417977723,0,2.294354168,0.952317465,0.519091313,0.46297368,0.1999904,0.503536505,0.474793228,0.301272407,1.093209897,1.135541014,0.614629829,0.525638454,0.643095364,0.419606828
0,0.577060684,0,0.717123474,0.343778469,0.215806999,0.735330614,0.459040575,0,0.780940878,0.582969706,0,1.697812086,0.999976001,1.872606575,0.388648359,0.996643802,0,0,1.465532149,0.538378297,0.738657081,0.627874488,2.31821343,0.289322133,1.067657453,1.037339018,0.252202781,2.116088622,0.442602376,0.384944068,0.655845758,0.564614481,1.132895752,0.262734754,0,1.076982725,1.418640942,1.113350182,0.660967657,0,0,0.465003813,0.48539448,0.531012455,0.62028198,0,0.482961131,0,0,0.381533766,0,0,0.928401664,0.177864734,0.350762734,0,0,0.22738642,1.520157286,0.390053632,0.131345636,0.417977723,0,0,1.428476197,0.346060876,0.23148684,0.1999904,0.671382006,0.474793228,0.234322983,0.91688572,0.709713134,0.341461016,0.525638454,0.385857218,0.349672357
0.517378752,1.154121367,0,0.717123474,0.687556938,0,0.367665307,0.612054099,1.039328178,2.603136259,0,0,0.377291575,1.199971201,1.872606575,0.388648359,1.370385228,0,0,0.58621286,0.897297161,0.402903862,0,0.77273781,0.506313732,1.067657453,1.556008527,0.67254075,0,0.505831286,1.539776271,0.819807198,1.129228962,0.566447876,0.656836884,0,0,0.709320471,0,0.440645104,0,0,0.465003813,0.64719264,0.531012455,0,0.600781015,0.241480566,0.722891218,0.988831152,0,0,0,0.618934442,0.533594202,0,0.396008237,1.092150171,0.454772841,0,0.390053632,0.525382544,0.501573268,0.450059183,0,0.952317465,0.519091313,0.81020394,0,0.167845502,0.949586455,0.16737356,0.881620885,0.567770507,0.512191524,1.051276907,0.342984194,0.559475771
0,0.577060684,1.336041043,2.151370423,0.343778469,0,0.735330614,0.612054099,0.346442726,0.780940878,0.291484853,0.351137158,2.452395236,0.5999856,1.872606575,0.388648359,0.373741426,0.124630005,0,0.58621286,0.538378297,0.335753219,0,0,0.289322133,1.067657453,2.074678036,0.504405562,0.705362874,0.442602376,0.769888135,0.491884319,0.564614481,0.566447876,0,0.46936898,0.717988483,0.709320471,0.371116727,1.101612761,0.626711706,0.580410002,1.395011439,0.32359632,0.398259341,0.93042297,0,0.241480566,0.144578244,0,0.381533766,0,0.729128691,0.618934442,0.177864734,0.350762734,0.396008237,1.092150171,0.795852472,0.506719095,0.780107265,0.525382544,0.585168813,0.900118366,0,0,1.038182627,0.46297368,0.799961602,0.167845502,1.424379683,0.133898848,0.387913189,0.709713134,0.478045423,0.613244863,0.643095364,0.4895413
0,1.154121367,0,0.717123474,0,0.215806999,0.55149796,0.459040575,0.346442726,0.780940878,0.874454559,0.175568579,1.320520511,0.7999808,1.872606575,0.388648359,0.622902376,0,0,0,0.538378297,0.402903862,0,0,0.506313732,0,1.556008527,0.588473156,1.410725748,0.695518019,0.769888135,0.409903599,0.282307241,0.424835907,0.39410213,0,0.358994242,0,0,0.330483828,0,1.741230005,0.465003813,0.48539448,1.194778024,0.62028198,0.600781015,0.84518198,0.722891218,0.988831152,0.381533766,0,0,1.237868885,0.177864734,0.701525467,0,1.092150171,0.454772841,0.506719095,1.170160897,0.788073816,0.835955447,0,0.573588542,0.952317465,0.519091313,0.5787171,0.999952002,0.503536505,0.949586455,0.189690034,0.634767037,1.277483641,0.273168813,0.876064089,0.514476291,0.349672357
0,0,0,1.434246949,0.343778469,0.215806999,0.183832653,0.459040575,0.692885452,1.822195381,0.291484853,0.175568579,1.320520511,0.999976001,0,0.388648359,0.498321901,0,0,1.17242572,0,0.201451931,0,0,0.578644265,1.067657453,1.037339018,0.588473156,0,0.569060197,1.539776271,0.573865038,0.564614481,0.283223938,0.262734754,1.408106941,1.076982725,0,0,0.660967657,0,0.580410002,0,0.48539448,0.531012455,0.31014099,0.300390508,0.362220848,0.578312974,0.988831152,0.381533766,0.465321886,1.458257382,0.618934442,0.355729468,0,0.792016474,0,0.568466051,1.01343819,0.390053632,0.525382544,0.250786634,0,0,0.476158732,0.346060876,0.34723026,0.399980801,0.335691003,0.949586455,0.200848272,0.846356049,0.780684447,0.546337626,0.700851271,0.771714437,0.9790826
0,1.154121367,0,0,0,0,0.55149796,0.459040575,1.385770904,0.520627252,0.582969706,0,1.320520511,0.1999952,0,1.165945076,0.498321901,0.249260009,0,0.87931929,0.538378297,0.604355794,0.313937244,0.77273781,0.361652666,1.067657453,1.556008527,0.504405562,0.705362874,0.632289108,0.384944068,1.065749357,0.846921722,0.283223938,0.262734754,0.46936898,0.358994242,2.127961413,0,0.330483828,0,0.580410002,0,0.16179816,0.663765569,1.24056396,0.300390508,0.120740283,0.433734731,0,0,0,0.729128691,1.856803327,0.355729468,0,0,0.546075085,0.795852472,1.520157286,1.170160897,0.788073816,0.167191089,0.450059183,0,1.904634929,0.519091313,0.23148684,0.399980801,0.839227508,0.474793228,0.100424136,0.775826379,0.780684447,0.443899321,1.138883316,0.685968388,0.4895413
0,1.731182051,0.668020522,0,0.343778469,0,0.367665307,0.612054099,1.385770904,1.041254503,0.582969706,0.175568579,1.131874724,0,0,0.777296717,0.373741426,0,0.528390417,0,0.358918865,0.671506437,0.313937244,1.54547562,0.289322133,1.067657453,1.556008527,0.420337969,2.116088622,0.379373465,0.769888135,0.327922879,0,0.283223938,0,0,0.717988483,2.127961413,0,0.220322552,0,0.580410002,0.930007626,0.48539448,0.663765569,0.62028198,0.600781015,0.241480566,0,0.494415576,0,0,0.729128691,0.618934442,0.177864734,0.350762734,0.396008237,0,0.682159261,1.01343819,1.560214529,0.525382544,0.167191089,0.900118366,0,0.952317465,0.519091313,0.5787171,0,1.174918511,0.474793228,0.156215322,0.811091214,0.42582788,0.20487661,1.051276907,0.428730243,0.209803414
0,0.577060684,0.668020522,0.717123474,0,0,0.367665307,0.153013525,0.346442726,0.520627252,1.165939412,0,2.075103661,0.5999856,3.745213149,1.165945076,0.373741426,0,0,0.29310643,0.358918865,0.53720515,0.627874488,0,0.433983199,3.202972358,0.518669509,0.168135187,0,0.82197584,1.154832203,0.491884319,0.564614481,0.424835907,0.262734754,0.938737961,0.717988483,0,0.371116727,0.771128933,0,0,0,0.32359632,1.06202491,0.93042297,0.600781015,0.482961131,0.144578244,1.483246728,0.381533766,0,2.187386074,0.309467221,0,0.701525467,0.396008237,2.730375427,0.341079631,0.506719095,1.560214529,0.919419452,0.250786634,0,0,0,0.519091313,0.11574342,0.399980801,0.671382006,0.949586455,0.145057085,0.352648354,0.922627074,0.546337626,0.613244863,0.514476291,0.699344714
0,0.577060684,0,2.151370423,0.343778469,0.215806999,0.183832653,0.765067624,0.692885452,1.041254503,0.582969706,0,1.320520511,0.3999904,0.936303287,0.777296717,0.24916095,0,0,0.29310643,0.358918865,0.335753219,0.470905866,0.77273781,0.2169916,0,1.556008527,0.504405562,1.410725748,0.379373465,0.769888135,0.737826478,1.129228962,0.283223938,0,0,0,0.709320471,0,0,0,0.580410002,1.860015252,0.48539448,0.531012455,0.93042297,0.300390508,0.482961131,0.289156487,0,0.381533766,0,0.729128691,0.309467221,0.177864734,0.701525467,0.396008237,0,0.795852472,1.01343819,0.390053632,0.262691272,0.417977723,0.450059183,0,0,0.519091313,0.34723026,0,0.503536505,1.424379683,0.223164746,0.952150555,0.851655761,0.273168813,0.525638454,0.128619073,0.349672357
0,1.154121367,0.668020522,0,0,0.215806999,0.367665307,1.071094674,0.692885452,0.520627252,0.582969706,0,0.188645787,0.3999904,0,0.777296717,0.622902376,0.124630005,0,0.87931929,0.358918865,0.53720515,0.156968622,0,0.289322133,2.135314906,0,0.588473156,0.705362874,0.569060197,1.924720338,0.409903599,0,1.274507721,0.262734754,0.46936898,0.358994242,0,0,0.660967657,0,0.580410002,0.465003813,0.32359632,0.531012455,0.31014099,0,0.241480566,0.433734731,1.483246728,0.381533766,0,1.458257382,1.237868885,0.355729468,0,0.792016474,0,0.341079631,0.506719095,0.390053632,0.65672818,0.585168813,0,0,0.476158732,1.038182627,0.81020394,0.399980801,0,0,0.178531797,0.670031872,0.638741821,0.341461016,0.700851271,0.385857218,0.349672357
0,0,0,0.717123474,0.343778469,0.215806999,0,0.612054099,0,0,1.457424265,0,0.943228937,0.3999904,1.872606575,0,0.622902376,0,0,0.87931929,0.179459432,0.268602575,0,0,0,0,0.518669509,0.420337969,0,0.252915643,0.384944068,0.819807198,0.282307241,0.566447876,0.39410213,0.938737961,0,0,0,0.330483828,0,0.580410002,0.930007626,0.8089908,0.796518682,0.93042297,0,0.603701414,0.433734731,0.494415576,0,0,1.458257382,0.618934442,0,0.350762734,0.396008237,1.092150171,0.341079631,1.01343819,0.390053632,0.394036908,0.334382179,0.450059183,0,0,0.865152189,0.34723026,0.799961602,0,0,0.133898848,0.599502202,0.567770507,0.341461016,0.525638454,0.385857218,0.629410243
0,0.577060684,0.668020522,0,0.343778469,0.215806999,0.367665307,0.612054099,0.346442726,0.520627252,0.582969706,0,0.943228937,0,0.936303287,0,0.498321901,0.124630005,0,0.87931929,0.358918865,0.470054506,0,0.77273781,0.2169916,0,0.518669509,0.336270375,0.705362874,0.758746929,1.154832203,0.409903599,0.564614481,0.708059845,0.131367377,0,0.358994242,0,0,0.220322552,0,1.160820003,0.465003813,0.32359632,0.663765569,0,0,0.362220848,0.289156487,0,0,0.465321886,0.729128691,0.928401664,0.533594202,0,0.396008237,0.546075085,0.454772841,0.506719095,1.170160897,0.131345636,0.250786634,0,1.720765626,0.476158732,0,0.46297368,0.399980801,0.167845502,1.89917291,0.089265898,0.528972531,0.638741821,0.409753219,0.438032045,0.171492097,0.349672357
0,0,0.668020522,1.434246949,0,0,0.183832653,1.071094674,0,0.520627252,0.874454559,0,0.565937362,0.1999952,0.936303287,0,1.245804752,0,0,0.58621286,0,0.335753219,0.470905866,0,0.072330533,1.067657453,0.518669509,0.168135187,1.410725748,0.505831286,1.154832203,0.655845758,1.129228962,0.283223938,0.525469507,0.938737961,0.717988483,0.709320471,0,0.220322552,0,0,0.930007626,0.16179816,0.796518682,0.31014099,0,0.362220848,0.289156487,0,0.381533766,0,0,0.618934442,0.177864734,0.350762734,0.396008237,0,0.568466051,1.01343819,0.390053632,0.919419452,0.835955447,0,0,1.428476197,0.346060876,0.23148684,0.599971201,0.335691003,0,0.066949424,0.564237366,0.638741821,0.239022711,0.438032045,0.342984194,0.4895413
0,0,0,0,0.687556938,0.215806999,0.367665307,0.459040575,0.692885452,1.041254503,0,0,1.131874724,0.1999952,0,0,0.622902376,0,0,0.87931929,0,0.335753219,0,1.54547562,0.144661066,0,0,0.168135187,0.705362874,0.379373465,0.384944068,0.655845758,0.564614481,0.283223938,0.131367377,0.938737961,0,0,0,0.110161276,0,0.580410002,0,0.16179816,0.398259341,0,0,0,0.289156487,0.988831152,0,0,0,0.618934442,0.533594202,0.350762734,0,1.092150171,0.341079631,0.506719095,1.170160897,0.65672818,0.501573268,0.450059183,0.573588542,0,0.346060876,0.23148684,0.399980801,0,0,0.066949424,0.564237366,0.638741821,0.170730508,0.613244863,0.385857218,0.419606828
0,1.731182051,1.336041043,1.434246949,0,0.215806999,0,0.153013525,0.346442726,0,0.291484853,0.175568579,0.377291575,0,0,0,0.373741426,0,0.264195209,1.758638579,0.179459432,0.53720515,0,0,0.2169916,0,1.037339018,0.588473156,0,0.569060197,0,0.573865038,0.282307241,0.566447876,0,0,0,0.709320471,0,0.330483828,0,2.321640007,0,0.32359632,0.531012455,0,0.300390508,0.724441697,0,0.494415576,0.381533766,0,0,0.309467221,0.533594202,0,0.396008237,0,0.341079631,0.506719095,0.390053632,0.262691272,0,0.900118366,0.573588542,0,0.519091313,0.11574342,0,0.167845502,0.474793228,0.100424136,0.564237366,0.638741821,0.273168813,0.262819227,0.385857218,0.4895413
0,1.731182051,0,0,0.343778469,0,0,0.612054099,0.346442726,0.780940878,0.582969706,0.351137158,0.754583149,0.1999952,0,0,0.498321901,0.124630005,0,0.87931929,0.538378297,0.402903862,0.313937244,0,0.2169916,0,0.518669509,0.084067594,1.410725748,0.885204751,0.769888135,0.08198072,0,0.566447876,0.131367377,0,0,0,0,0.440645104,0,1.160820003,1.395011439,0.32359632,0.796518682,0.31014099,0,0.724441697,0,0,0,0,0.729128691,0.309467221,0.533594202,0,0,0,0.454772841,1.520157286,0.390053632,0.131345636,0,0,0.573588542,0,0.173030438,0.46297368,0,0.503536505,0,0.12274061,0.811091214,0.354856567,0.409753219,0.525638454,0.30011117,0.209803414
0,0,0,0.717123474,0.687556938,0,0.367665307,0.459040575,0,0.520627252,0.874454559,0,0.188645787,0.3999904,0,0.388648359,0.747482851,0,0,0.87931929,0.179459432,0.268602575,0.313937244,0.77273781,0.361652666,2.135314906,0.518669509,0.252202781,0,0.505831286,1.539776271,0.655845758,0.282307241,0.283223938,0.262734754,0,0.358994242,0,0,0.440645104,0,0,0.465003813,0.48539448,0.531012455,0.31014099,0,0.482961131,0.289156487,0,0,0.465321886,1.458257382,0.928401664,0.177864734,0.350762734,0,0.546075085,0.22738642,0,0.390053632,0.525382544,0.083595545,0,0,0.476158732,0.346060876,0,0.599971201,0.503536505,0.474793228,0.089265898,0.423178025,0.354856567,0.239022711,0.438032045,0.385857218,0.209803414
0,0.577060684,0,2.868493897,0,0,0.183832653,0.30602705,0.692885452,1.301568129,0.582969706,0.175568579,0.943228937,0.1999952,0,0.777296717,0.498321901,0,0,0.58621286,0.358918865,0.201451931,0.156968622,0.77273781,0.289322133,0,0,0.252202781,0,0.316144554,0.769888135,0.655845758,0.282307241,0,0.131367377,0.46936898,0,0.709320471,0,0.330483828,0,0,0.465003813,0.32359632,1.327531137,0.31014099,0,0.120740283,0.433734731,1.483246728,0,0,0,0,0.711458935,0.350762734,1.188024711,1.638225256,0.454772841,1.520157286,0.390053632,0.525382544,0.250786634,0.900118366,0,0,0.346060876,0,0.399980801,0.503536505,0,0.100424136,0.599502202,0.780684447,0.20487661,0.175212818,0.428730243,0.279737886
0.517378752,0.577060684,0,0.717123474,0,0,0,0.612054099,1.039328178,0.520627252,0.582969706,0,1.320520511,0,0,0.388648359,0,0,0,0.58621286,0.358918865,0.470054506,0,0.77273781,0.2169916,2.135314906,0,0.420337969,0.705362874,0.695518019,0.384944068,0.245942159,0,0.283223938,0.131367377,0.938737961,0.358994242,0,0,0.110161276,0,0,0.930007626,0.32359632,0.398259341,0.31014099,0,0.362220848,0,0,0,0,4.374772147,0.618934442,0.533594202,0,0.396008237,0.546075085,0.795852472,1.520157286,0.390053632,0.262691272,0.334382179,0,1.147177084,0.476158732,0.173030438,0.11574342,0.599971201,0,0,0.055791187,0.599502202,0.21291394,0.170730508,0.175212818,0.514476291,0.139868943
0,0,0,1.434246949,0,0,0,0.30602705,0.692885452,0.520627252,1.165939412,0.175568579,0.754583149,0.1999952,0,0,0.24916095,0.124630005,0,0.87931929,0.179459432,0.335753219,0.156968622,1.54547562,0.2169916,0,0,0.168135187,0,0.82197584,1.539776271,0.327922879,0.282307241,0.566447876,0.525469507,0,0,0,0.371116727,0.330483828,0,0,0.930007626,0,0.531012455,0.93042297,0,0.241480566,0,0.494415576,0,0,0,0,0,0,0,0.546075085,0.11369321,0.506719095,0,0,0.334382179,0,0.573588542,0,0.346060876,0.11574342,0.399980801,0.839227508,0,0.078107661,0.45844286,0.709713134,0.034146102,0,0.428730243,0.069934471
0,0,0,0,0,0,0,0,0,0.520627252,0.582969706,0,0.565937362,0.1999952,0,0.388648359,0.124580475,0,0,0.29310643,0,0.335753219,0,0.77273781,0.144661066,0,0.518669509,0.168135187,1.410725748,0.379373465,1.154832203,0.327922879,1.129228962,0.566447876,0,0,0,0.709320471,0,0.110161276,0,0,0,0.32359632,0.265506227,0,0.300390508,0.120740283,0,0,0,0,0,0.309467221,0.177864734,0.701525467,0.792016474,0.546075085,0.22738642,0.506719095,0.390053632,0.131345636,0.250786634,0,0,0.476158732,0.173030438,0.34723026,0,0.335691003,0,0.055791187,0.141059342,0.354856567,0.170730508,0.262819227,0.471603267,0.209803414
0,1.154121367,0,0.717123474,0,0.215806999,0.183832653,0.459040575,0,0.260313626,0.582969706,0,0.188645787,0.1999952,0,0.388648359,0.24916095,0,0,0.29310643,0.358918865,0.335753219,0,1.54547562,0.072330533,1.067657453,0,0.336270375,0.705362874,0.569060197,0.769888135,0.245942159,0.282307241,0.424835907,0.262734754,0,0,0,0,0,0,0,2.325019065,0.32359632,0.929271796,0,0,0.120740283,0,0,0,0,0.729128691,0.309467221,0,0.350762734,0,0,0.11369321,0,0.390053632,0.262691272,0.167191089,0,0.573588542,0,0,0.11574342,0.1999904,0,0.474793228,0.055791187,0.423178025,0.780684447,0.102438305,0,0.30011117,0.139868943
0,1.154121367,0,0.717123474,0,0,0,0.153013525,0.692885452,0.260313626,0,0,0.943228937,0.3999904,1.872606575,0.777296717,0.373741426,0.124630005,0,0.87931929,0.358918865,0.402903862,0.156968622,2.31821343,0.2169916,0,0.518669509,0,0,0.82197584,1.154832203,0.245942159,0,0.424835907,0.262734754,0,0.358994242,0,0,0.110161276,0,0,0.465003813,0.32359632,0.265506227,0.93042297,0,0,0.144578244,0.494415576,0,0,0,0.618934442,0.177864734,0,0.396008237,0,0.22738642,0.506719095,0.390053632,0.788073816,0.334382179,0,0,0,0.519091313,0.11574342,0.1999904,0.167845502,0,0.078107661,0.564237366,0.567770507,0.307314914,0.262819227,0.30011117,0.139868943
0,0,0,0,0.343778469,0,0.183832653,0.30602705,0.346442726,0.780940878,0.874454559,0,0.754583149,0.1999952,0,0.777296717,0.622902376,0,0,0.87931929,0.179459432,0.134301287,0.156968622,0.77273781,0.2169916,0,0.518669509,0.084067594,0,0.316144554,0.769888135,0.491884319,0.282307241,0.283223938,0.262734754,0,0.717988483,0,0,0.550806381,0,0.580410002,0.930007626,0.48539448,0.398259341,0.31014099,0.300390508,0.362220848,0,0.494415576,0,0,0.729128691,0,0.355729468,0.350762734,0,0,0.341079631,0.506719095,1.170160897,0.262691272,0.417977723,0.450059183,0,0,0.173030438,0.11574342,0.399980801,0,0,0.066949424,0.528972531,0.42582788,0.102438305,0.087606409,0.214365121,0
0,0.577060684,0.668020522,0.717123474,0.343778469,0.215806999,0,0.459040575,0.692885452,0.520627252,0.874454559,0,0.377291575,0.1999952,0.936303287,0,0.24916095,0,0,0.29310643,0,0.402903862,0,0,0,0,0,0.084067594,0.705362874,0.505831286,0.384944068,0.491884319,0.564614481,0.708059845,0.131367377,0.46936898,0,0.709320471,0,0,0,0,0.465003813,0,0.398259341,0.62028198,0,0.241480566,0,0,0.381533766,0,0.729128691,0.928401664,0.177864734,0,0.396008237,0,0.22738642,0.506719095,0.390053632,0,0.417977723,0.450059183,0.573588542,0,0,0.23148684,0,0.167845502,0.474793228,0.066949424,0.528972531,0.283885254,0.034146102,0.087606409,0.30011117,0.209803414
0,1.731182051,0,0.717123474,0,0,0,0.30602705,1.73221363,0.520627252,0.582969706,0.175568579,0.754583149,0.3999904,0,0.388648359,0.373741426,0,0,0,0.179459432,0.134301287,0,1.54547562,0.144661066,2.135314906,1.037339018,0.168135187,0,0.632289108,1.154832203,0.08198072,0.282307241,0,0.131367377,0,0,0,0,0,0,0,0,0,0.132753114,0.62028198,0,0.120740283,0,0.494415576,0,0,0.729128691,0,0,0,0.396008237,0.546075085,0.568466051,1.01343819,0,0.131345636,0.083595545,0,0,0,0.346060876,0,0.1999904,0,0,0.022316475,0.599502202,0.354856567,0.20487661,0.087606409,0.171492097,0.069934471
0,0,0.668020522,0.717123474,0,0,0.367665307,0,0.346442726,0.780940878,1.457424265,0,0.188645787,0,0,0.388648359,0.373741426,0,0,0.29310643,0,0.201451931,0,0,0,0,0,0.084067594,0.705362874,0.189686732,0.384944068,0.655845758,0.846921722,0.566447876,0,0,0,0,0,0.220322552,0,0.580410002,0,0.32359632,0.398259341,0.31014099,0,0.241480566,0,0.988831152,0,0,0,0.928401664,0.177864734,0,0,0,0.22738642,0,0,0,0.167191089,0,0,0.476158732,0,0.11574342,0,0.167845502,0,0.033474712,0.282118683,0.638741821,0.034146102,0,0.171492097,0.139868943
0,0.577060684,0.668020522,0,0,0.215806999,0.183832653,0.153013525,1.039328178,1.301568129,0.291484853,0,0.188645787,0,0.936303287,0,0.124580475,0.124630005,0,0.87931929,0.179459432,0.067150644,0,0.77273781,0.2169916,0,0,0.084067594,0,0.505831286,0.384944068,0.409903599,0.564614481,0.141611969,0.262734754,0.46936898,0,0,0,0,0,0.580410002,0,0,0.531012455,0.31014099,0,0.241480566,0.144578244,0,0.381533766,0,1.458257382,0.309467221,0,0.350762734,0.396008237,0.546075085,0,1.01343819,0.780107265,0.262691272,0,0.450059183,0,0.476158732,0.173030438,0,1.199942403,0.335691003,0,0.055791187,0.493707695,0.354856567,0.136584406,0.175212818,0.085746049,0.069934471
0,0,0,1.434246949,0,0.215806999,0.183832653,0,0,0.520627252,0.582969706,0,0.754583149,0,0,0.388648359,0.24916095,0.124630005,0,0.87931929,0.179459432,0.335753219,0,0,0,0,0,0.252202781,0,0.442602376,0.769888135,0.409903599,0.282307241,0.566447876,0,0.938737961,0.358994242,0.709320471,0,0.110161276,0,0,0.465003813,0.32359632,0.531012455,0,0.300390508,0.241480566,0,0,0,0,0,0.928401664,0,0.350762734,0,0,0.11369321,0.506719095,0,0.131345636,0.083595545,0,0,0,0,0.11574342,0,0.335691003,0,0.089265898,0.493707695,0.141942627,0.239022711,0.087606409,0.128619073,0.209803414
0,0,0,0,0,0,0.183832653,0.153013525,0.692885452,1.041254503,0,0,0.188645787,0.1999952,0,0,0.373741426,0,0,0.29310643,0,0.067150644,0,1.54547562,0,0,0,0.084067594,0,0.758746929,1.154832203,0.16396144,0.282307241,0,0.262734754,0,0,0,0,0.110161276,0,0,0,0.48539448,0.796518682,0.31014099,0,0.120740283,0,0,0,0,0,0.309467221,0,0,0.396008237,0,0.341079631,0,0,0.131345636,0.083595545,0,0.573588542,0,0.519091313,0,0,0,0,0.022316475,0.211589012,0.21291394,0.068292203,0.087606409,0.128619073,0.209803414
0,0,0,0.717123474,0,0,0,0,1.039328178,0.520627252,0.291484853,0,0.565937362,0,0,0,0,0,0,0,0,0.335753219,0,0,0.144661066,0,0,0.168135187,0,0.695518019,0.769888135,0.655845758,0.564614481,0.141611969,0,0,0,1.418640942,0,0,0,0,0.930007626,0.16179816,0.796518682,0.31014099,0.300390508,0.120740283,0,0.988831152,0,0,0,0.309467221,0,0.350762734,0,0.546075085,0,0,0.390053632,0.131345636,0,0,0,0.476158732,0,0,0.1999904,0,0.474793228,0.044632949,0.176324177,0.496799194,0.136584406,0,0.30011117,0
0,0,0,0.717123474,0,0,0.183832653,0.153013525,0,1.301568129,0,0,0,0,0,0.388648359,0.498321901,0.124630005,0,0.58621286,0,0.067150644,0,0,0.144661066,1.067657453,0,0,0,0.316144554,0.384944068,0,0.564614481,0,0.262734754,0,0,0,0,0.110161276,0,0,0.465003813,0.16179816,1.06202491,0.31014099,0,0.120740283,0.144578244,0,0,0,0.729128691,0,0,0,0,0,0,0,0,0.131345636,0,0,0,0,0,0,0.399980801,0,0.474793228,0.055791187,0.211589012,0.283885254,0.068292203,0,0.042873024,0.349672357
0,0,0,0,0,0.215806999,0,0,0,0.520627252,0.874454559,0,0,0,0,0.388648359,0.373741426,0,0.264195209,0,0,0.134301287,0,0,0.144661066,1.067657453,0.518669509,0.252202781,0,0.252915643,0,0.491884319,0.564614481,0.283223938,0,0.46936898,0,0.709320471,0,0.110161276,0,0,0,0.16179816,0.398259341,0,0,0.120740283,0,0,0,0,0,0.309467221,0,0,0,0,0.11369321,0,0,0,0,0,0.573588542,0,0.173030438,0.11574342,0,0.167845502,0.474793228,0.055791187,0.141059342,0.21291394,0.068292203,0.175212818,0.214365121,0.139868943
0,0,0,0.717123474,0,0,0,0.30602705,0.346442726,0.260313626,0.291484853,0,0,0.1999952,0,0.388648359,0.124580475,0,0,0.29310643,0.179459432,0,0,0.77273781,0.2169916,0,0.518669509,0.084067594,0,0.316144554,0.384944068,0.08198072,0.564614481,0,0,0.46936898,0,0,0,0,0,0,0,0.16179816,0,0.31014099,0,0.120740283,0,0,0,0,0,0,0.177864734,0,0,0,0.11369321,0,0,0.131345636,0.167191089,0,0,0,0,0,0.1999904,0.335691003,0,0.011158237,0.141059342,0.354856567,0,0,0.042873024,0.209803414
0,0,0,1.434246949,0,0.431613999,0,0,0.692885452,0.520627252,0,0,0,0,0,0.388648359,0.373741426,0,0,0.87931929,0,0.201451931,0,0,0.072330533,0,0,0.084067594,0,0.189686732,0.384944068,0.573865038,0.564614481,0.424835907,0,0.46936898,0,0,0.371116727,0,0,0,0,0.48539448,0.398259341,0,0,0,0.289156487,0,0,0,0,0.618934442,0,0,0,0.546075085,0.454772841,1.01343819,0,0,0.167191089,0,0,0,0.519091313,0.11574342,0,0,0,0.022316475,0.141059342,0.21291394,0.068292203,0.087606409,0.042873024,0
0,0,0,0,0.687556938,0,0,0,0.346442726,0,0,0.175568579,0,0.3999904,0,0.777296717,0.124580475,0,0,0,0,0.134301287,0,0,0,0,0,0,0,0.189686732,0.384944068,0.08198072,0,0.283223938,0,0,0,0,0,0.110161276,0,0,0,0.48539448,0.265506227,0,0.300390508,0,0,0,0,0,0,0.618934442,0,0,0,0,0.341079631,0,0.390053632,0.262691272,0.083595545,0,0.573588542,0.476158732,0,0,0,0.167845502,0,0.033474712,0.282118683,0.283885254,0.068292203,0,0.085746049,0.209803414
0,1.154121367,0.668020522,0,0,0.431613999,0.183832653,0,0,1.041254503,0.291484853,0,0.565937362,0,0,0.388648359,0.24916095,0,0,0,0.358918865,0.067150644,0.156968622,0,0.072330533,1.067657453,0,0,0,0.316144554,0.384944068,0.08198072,0.564614481,0,0,0,0,0.709320471,0,0,0,0,0,0.16179816,0.132753114,0,0,0,0.289156487,0,0,0,0,0.309467221,0.177864734,0,0,0,0.11369321,0.506719095,0.390053632,0,0.167191089,0,0.573588542,0,0.519091313,0,0,0,0,0.011158237,0.317383518,0.21291394,0.102438305,0,0.042873024,0.209803414
0,1.154121367,0,0,0,0,0,0,0.346442726,0.260313626,1.165939412,0,0,0.1999952,0,0,0.24916095,0,0.264195209,0,0.358918865,0.134301287,0,0,0.072330533,0,0,0.084067594,0,0.379373465,0,0.08198072,0,0,0,0.46936898,0.358994242,0,0,0,0,0,0,0.16179816,0.265506227,0,0.300390508,0.120740283,0,0,0,0,0,0.309467221,0,0,0,0.546075085,0.11369321,0,0.390053632,0,0,0.450059183,0.573588542,0,0.346060876,0,0,0.167845502,0,0.011158237,0.176324177,0.21291394,0.034146102,0,0.042873024,0.139868943
0,0,0,0,0,0.215806999,0,0.30602705,0,0.520627252,0,0,0,0.1999952,0,0.388648359,0.373741426,0,0,0,0,0.067150644,0,0,0,0,0,0,0,0.252915643,0.384944068,0.327922879,0.846921722,0.141611969,0,0,0,0,0,0.110161276,0,0,0,0.32359632,0.398259341,0,0,0.120740283,0,0,0,0,0.729128691,0,0,0,0.396008237,0,0.11369321,0.506719095,0.390053632,0.131345636,0,0,0,0,0,0,0,0.167845502,0,0,0.141059342,0.21291394,0.068292203,0.175212818,0.171492097,0.209803414
0,0,0,0.717123474,0,0,0,0,0,0.260313626,1.165939412,0,0,0,0,0.388648359,0.24916095,0,0,0.29310643,0,0.268602575,0,0.77273781,0,0,0,0,0,0.316144554,0.384944068,0,0.282307241,0.141611969,0,0,0,0,0,0,0,0,0.465003813,0.16179816,0.132753114,0,0,0.362220848,0,0.494415576,0,0,0,0.309467221,0,0,0,0.546075085,0,0,0.390053632,0.131345636,0.167191089,0,0.573588542,0,0.173030438,0.11574342,0,0,0,0.022316475,0.035264835,0,0.068292203,0,0.042873024,0
0,1.154121367,0,0,0,0,0,0,0.346442726,1.041254503,0.291484853,0,0.188645787,0,0,1.165945076,0.24916095,0,0,0.58621286,0.179459432,0.201451931,0,0,0,0,0,0.084067594,0,0.316144554,0,0.16396144,0,0.141611969,0,0,0.358994242,0.709320471,0,0,0,0,0.465003813,0.16179816,0.398259341,0,0,0.362220848,0,0,0,0,0,0,0,0,0,0,0.11369321,0,0,0,0,0,0.573588542,0.476158732,0,0,0,0,0,0.022316475,0.105794506,0.070971313,0.136584406,0,0.085746049,0
0,0,0,0.717123474,0.343778469,0.215806999,0,0.153013525,0.346442726,0.520627252,0,0,0.188645787,0,0,0,0.373741426,0,0,0,0,0.067150644,0,0,0,0,0.518669509,0,0,0.189686732,0,0,0.282307241,0.283223938,0,0.46936898,0,0,0,0,0,0,0,0.16179816,0,0.62028198,0,0.120740283,0,0,0,0,0,0.309467221,0,0,0,0,0.11369321,0.506719095,0.390053632,0,0.167191089,0,1.147177084,0,0.346060876,0,0.1999904,0,0,0.022316475,0.070529671,0.21291394,0,0.087606409,0.085746049,0.139868943
0,0,0,0,0,0,0,0.153013525,0,0.520627252,0,0,0.188645787,0,0,0,0,0,0,0.87931929,0,0.470054506,0,0,0,0,0,0,0,0.252915643,0,0.245942159,0,0.424835907,0,0,0.358994242,0,0,0.110161276,0,0,0.465003813,0,0.398259341,0.31014099,0,0.120740283,0,0.494415576,0,0,0,0.309467221,0,0,0,0.546075085,0,0.506719095,0.390053632,0,0.083595545,0,0,0,0.346060876,0,0,0,0.474793228,0.033474712,0.176324177,0.141942627,0.136584406,0.087606409,0.085746049,0
0,0,0,0.717123474,0.343778469,0,0,0,0,0.520627252,0.582969706,0,0.377291575,0.3999904,0,0,0,0,0,0,0,0.067150644,0.156968622,0,0.072330533,0,0,0,0,0.316144554,0.384944068,0.08198072,0,0.141611969,0,0,0,0.709320471,0,0,0,0,0.465003813,0.32359632,0.398259341,0,0,0.241480566,0,0,0,0,0,0.309467221,0.177864734,0,0,1.092150171,0.22738642,0,0.390053632,0,0,0,0.573588542,0,0.346060876,0,0.1999904,0,0,0,0.317383518,0.21291394,0.136584406,0,0.042873024,0.209803414
0,0.577060684,0,0,0,0,0.183832653,0,0,0,1.457424265,0,0.188645787,0,0,0.777296717,0.622902376,0,0,0,0.179459432,0.201451931,0,0,0,0,0,0.084067594,0.705362874,0.379373465,0,0.16396144,0,0.566447876,0.131367377,0.46936898,0,0,0,0.110161276,0,0,0,0.16179816,0,0,0,0.120740283,0,0,0,0,0,0,0.177864734,0,0,0,0.11369321,0.506719095,0,0,0.083595545,0,0,0,0.346060876,0,0,0,0.474793228,0.044632949,0.246853848,0.42582788,0.034146102,0,0.171492097,0
0,1.154121367,0,0,0,0,0.183832653,0,0,1.041254503,0.291484853,0,0,0,0.936303287,0,0.373741426,0,0,0.29310643,0,0,0,0,0,0,0,0,0,0.442602376,0.384944068,0.16396144,0.564614481,0.424835907,0,0,0,0,0,0.110161276,0,0,0,0,0.398259341,0,0,0.120740283,0,0,0,0,0,0,0,0,0,0,0.341079631,0.506719095,0,0,0.083595545,0,0,0,0.865152189,0,0,0.167845502,0,0.011158237,0.176324177,0.141942627,0.034146102,0.087606409,0,0.209803414
0,0,0,0,0,0,0.367665307,0,0,0,0,0,0,0,0,0,0,0,0,0,0,0.201451931,0,0,0,0,0,0.084067594,0,0.189686732,0,0.08198072,0.282307241,0,0.131367377,0,0,0,0,0,0,0,0.465003813,0.16179816,0.265506227,0,0,0.120740283,0.144578244,0,0,0,0,0,0,0,0,0,0.22738642,0.506719095,0,0,0.167191089,0,0,0,0,0,0,0.167845502,0,0,0.141059342,0.283885254,0.034146102,0,0.085746049,0.069934471
0,1.154121367,0,0,0,0,0,0,0.346442726,0.520627252,0,0,0,0.1999952,0,0,0.124580475,0,0,0,0,0.134301287,0,0,0,0,0.518669509,0,0,0.379373465,0,0.08198072,0.564614481,0,0,0,0,0,0.371116727,0,0,0,0,0,0.265506227,0,0.300390508,0,0,0,0,0,0,0,0,0,0,0.546075085,0,1.01343819,0,0.131345636,0.083595545,0,0,0,0,0,0,0,0,0,0.105794506,0.283885254,0.102438305,0,0,0.069934471
0,0.577060684,0,0,0,0,0,0,0,0.780940878,0,0,0,0,0,0,0.124580475,0,0,0,0.358918865,0.201451931,0,0,0,0,0,0.084067594,0,0.379373465,0,0.08198072,0,0.283223938,0,0,0,0,0,0,0.626711706,0,0,0.16179816,0.132753114,0.62028198,0,0,0,0,0,0,0,0,0,0,0,0.546075085,0.22738642,0,0,0,0.083595545,0,0,0,0,0,0,0,0,0.011158237,0.282118683,0.070971313,0.034146102,0,0.085746049,0
0,0.577060684,0,0,0,0,0.183832653,0,0,0.260313626,0.291484853,0.175568579,0,0,0,0.388648359,0,0,0,0.58621286,0,0.067150644,0,0,0,0,0,0.084067594,0,0.252915643,0,0.16396144,0,0.141611969,0,0,0,0,0,0.110161276,0,0,0,0,0.132753114,0,0.300390508,0.120740283,0,0,0,0,0,0,0,0,0,0.546075085,0.11369321,0,0,0.131345636,0,0,0,0.476158732,0.173030438,0,0,0.167845502,0,0.011158237,0.105794506,0,0,0,0.042873024,0.139868943
0,0,0,0,0,0,0,0,0.346442726,0,0,0,0,0.3999904,0,0,0.124580475,0,0,0.29310643,0.358918865,0.067150644,0,0,0,0,0,0,0,0.126457822,0,0.08198072,0,0.141611969,0.131367377,0,0,0,0,0,0,0,0.930007626,0.16179816,0.132753114,0,0.300390508,0,0,0,0,0,0,0.309467221,0,0,0,1.092150171,0.11369321,0,0.390053632,0.131345636,0.083595545,0,0,0,0.346060876,0,0,0,0,0.011158237,0.070529671,0.283885254,0,0,0.128619073,0.279737886
0,0,0,0,0,0,0,0,0,0,0.291484853,0,0,0,0,0,0.124580475,0,0,0,0,0.067150644,0,0,0,0,0,0.084067594,0,0.316144554,0,0.08198072,0.564614481,0.141611969,0,0,0,0,0,0.110161276,0,0,0,0.16179816,0,0,0,0,0,0,0,0,0,0,0,0.350762734,0,0,0,0,0,0,0,0,0,0,0,0,0,0,0,0.011158237,0.070529671,0,0.034146102,0,0.085746049,0
0,0.577060684,0,0,0,0,0,0.153013525,0,0,0.291484853,0,0,0,0,0,0.124580475,0,0,0,0.179459432,0.067150644,0,0,0,0,0,0.084067594,0,0.252915643,0.384944068,0,0.564614481,0.141611969,0,0,0,0,0,0.110161276,0,0,0,0.16179816,0,0.31014099,0,0,0,0,0,0,0,0.309467221,0,0,0,1.092150171,0.341079631,0,0,0.131345636,0.167191089,0,0,0.476158732,0,0,0,0,0,0.022316475,0.035264835,0.21291394,0.034146102,0,0.128619073,0.139868943
0,0,0,0,0,0.215806999,0,0,0,0,0,0,0,0,0,0,0,0,0,0,0.179459432,0.067150644,0,0,0,0,0,0,0,0.063228911,0.384944068,0,0,0,0,0,0.358994242,0,0,0,0,0,0,0.16179816,0.132753114,0,0,0,0,0,0,0,0,0,0,0,0,0.546075085,0.11369321,0,0,0,0.083595545,0,0,0,0.346060876,0,0,0,0,0.011158237,0.211589012,0.21291394,0.034146102,0,0.085746049,0.069934471
0,0.577060684,0,0,0,0,0.183832653,0,0,0,0,0,0,0,0,0,0.124580475,0,0,0,0,0.201451931,0,0,0.072330533,1.067657453,0,0.084067594,0,0.442602376,0,0.08198072,0,0,0,0,0,0,0,0,0,0,0,0,0.132753114,0,0,0,0,0.494415576,0,0,0,0,0,0,0,0,0.11369321,0,0.390053632,0,0.083595545,0,0.573588542,0,0.173030438,0,0,0,0,0.011158237,0.105794506,0.070971313,0.034146102,0,0.042873024,0
0,0,0,0.717123474,0,0,0,0,0.692885452,0,0,0,0,0.1999952,0,0,0.124580475,0,0,0,0,0.067150644,0,0,0,0,0,0,0,0.189686732,0,0,0.282307241,0,0,0,0,0,0,0,0,0,0,0,0.265506227,0,0,0,0,0,0,0,0,0,0,0,0,0.546075085,0.11369321,0,0,0,0,0,0.573588542,0,0,0,0.1999904,0,0,0.033474712,0.105794506,0.070971313,0,0,0.042873024,0
0,0.577060684,0,0,0,0,0.367665307,0,0,0.260313626,0.874454559,0,0,0,0,0,0.124580475,0,0,0,0,0,0,0,0.072330533,0,0,0.084067594,0,0.189686732,0,0,0,0.283223938,0,0,0,0,0,0,0,0,0,0,0,0,0,0,0,0,0,0,0,0.309467221,0,0,0,0,0.22738642,0,0.390053632,0.131345636,0,0,0,0,0.173030438,0,0,0,0,0.022316475,0.282118683,0.141942627,0,0,0.042873024,0
0,0,0,0.717123474,0,0,0.183832653,0,0,0,0.291484853,0,0,0,0,0,0,0,0,0,0,0.067150644,0,0,0,0,0,0,0,0.189686732,0,0.08198072,0.282307241,0,0,0,0,0,0,0.110161276,0,0,0,0,0.132753114,0,0,0,0,0,0,0,0,0,0,0,0,1.638225256,0.11369321,0,0,0,0.083595545,0,0,0,0,0,0,0.167845502,0,0.011158237,0.035264835,0.141942627,0.068292203,0,0.085746049,0.069934471
0,0.577060684,0,0,0,0,0.183832653,0,0,0.260313626,0,0,0,0,0,0,0.124580475,0,0,0.29310643,0,0,0,0,0,0,0,0.084067594,0,0.126457822,0,0.08198072,0,0,0.131367377,0,0,0,0,0,0,0,0,0,0,0,0,0,0.144578244,0,0,0,0,0,0,0,0,0,0,0,0,0,0.083595545,0,0,0,0,0,0,0,0.474793228,0.033474712,0.070529671,0.141942627,0,0,0.042873024,0
0,0.577060684,0,0,0,0,0,0.153013525,0.346442726,0,0.582969706,0,0,0,0,0,0.124580475,0,0,0,0.179459432,0.067150644,0,0,0,0,0,0.168135187,0,0.316144554,0,0,0.564614481,0.141611969,0,0,0,0,0,0,0,0,0,0,0.132753114,0,0,0,0,0,0,0,0,0,0,0,0,0,0.11369321,0,0.390053632,0,0.167191089,0,0,0,0.173030438,0.11574342,0,0.335691003,0,0.011158237,0.211589012,0,0.034146102,0,0,0
0,0,0,0,0,0,0.183832653,0,0,0,0.291484853,0,0,0,0,0,0,0,0,0,0,0.335753219,0,0,0,0,0,0,0,0.252915643,0.384944068,0.08198072,0.564614481,0,0,0,0,0,0,0,0,0,0.465003813,0,0,0,0,0,0,0,0,0,0,0.309467221,0,0,0,0,0,0,0,0,0,0,0,0,0,0,0,0,0,0,0.070529671,0.141942627,0,0,0,0
0,0.577060684,0,0,0,0,0,0,0,0.260313626,0,0,0,0,0,0,0,0,0,0,0.179459432,0,0,0,0,0,0,0.168135187,0,0.252915643,0,0.16396144,0,0,0.131367377,0,0,0,0,0,0,0,0,0,0.132753114,0,0,0,0,0,0,0,0,0,0,0,0,0,0,0,0,0,0.083595545,0,0,0,0,0,0,0,0,0.033474712,0.070529671,0,0,0,0.042873024,0
0,0,0,0,0,0,0,0,0,0,0,0,0,0.1999952,0,0.388648359,0,0,0,0,0,0.067150644,0,0,0,0,0,0,0,0.063228911,0,0,0,0,0,0,0,0,0,0,0,0,0,0,0,0,0,0.120740283,0,0,0,0,0,0,0,0,0,0,0,0,0,0,0.167191089,0,0,0,0,0,0,0,0,0.011158237,0.035264835,0.070971313,0,0,0.085746049,0
0,0.577060684,0.668020522,0,0,0,0,0,0.692885452,0,0.582969706,0,0,0,0,0,0,0,0,0,0.358918865,0.067150644,0,0,0,0,0,0.084067594,0,0.189686732,0,0,0.282307241,0,0,0,0,0,0,0,0,0.580410002,0,0,0,0,0,0,0,0.494415576,0,0,0,0,0,0,0,0,0,0,0,0.131345636,0,0,0,0,0,0,0,0,0,0.011158237,0.035264835,0,0,0,0,0.069934471
0,0,0,0,0,0,0,0,0,0.520627252,0,0,0,0,0,0,0.124580475,0,0,0,0.179459432,0.067150644,0,0,0,0,0,0.084067594,0,0.316144554,0,0.08198072,0.282307241,0,0,0,0,0,0,0,0,0,0,0.16179816,0,0,0,0,0,0,0,0,0,0,0,0,0,0,0,0,0,0,0,0,0,0,0,0,0,0,0,0,0.070529671,0.070971313,0,0,0.042873024,0.069934471
0,0,0.668020522,0.717123474,0,0,0,0,0,0,0,0,0,0,0,0,0.124580475,0.124630005,0,0,0,0.067150644,0,0,0,0,0,0,0,0.252915643,0,0.08198072,0.282307241,0.141611969,0,0,0,0,0,0,0,0,0,0,0.132753114,0,0,0,0,0,0,0,0,0,0,0,0,0,0.22738642,0,0,0,0,0,0,0,0,0,0,0,0,0.011158237,0.070529671,0,0,0,0.085746049,0
0,0,0,0,0,0,0,0,0,0,0,0,0,0.3999904,0,0,0.124580475,0,0,0,0.179459432,0,0,0,0,0,0,0.084067594,0,0.126457822,0,0,0.282307241,0,0,0,0,0,0,0,0,0,0,0,0.265506227,0,0,0,0,0,0,0,0,0,0,0,0,0,0,0,0,0,0,0,0,0,0,0,0.1999904,0,0,0,0,0,0,0,0.042873024,0
0,0,0,0,0,0,0,0,0.346442726,0,0.291484853,0,0,0,0,0,0,0,0,0,0,0.067150644,0,0,0,0,0,0,0,0.189686732,0,0.08198072,0.282307241,0,0.131367377,0,0.358994242,0,0,0,0,0.580410002,0,0,0,0,0,0,0,0,0,0,0,0,0,0,0,0,0,0,0,0,0,0,0,0,0,0,0,0,0,0.022316475,0.070529671,0.070971313,0.034146102,0.087606409,0,0
0,0,0,0,0,0,0.367665307,0,0,0,0,0,0,0,0,0,0,0.124630005,0,0,0,0.134301287,0,0,0,0,0,0,0,0.063228911,0,0.08198072,0,0,0,0,0,0,0,0,0,0,0,0,0.132753114,0,0,0,0,0,0,0,0,0,0,0,0,0,0,0,0,0,0,0,0,0,0,0,0,0,0,0,0.035264835,0.141942627,0,0,0.085746049,0.069934471
0,0,0,0,0,0,0,0,0,0,0,0,0,0,0,0.388648359,0,0,0,0,0,0,0.156968622,0,0,0,0,0.084067594,0,0.252915643,0,0.08198072,0,0.141611969,0,0,0,0,0,0,0,0,0,0,0.132753114,0,0,0,0,0,0,0,0,0,0,0,0,0.546075085,0,0.506719095,0,0,0,0,0,0,0,0,0,0,0,0,0.035264835,0.070971313,0,0,0,0
0,0,0,0,0,0,0.183832653,0,0,0,0,0,0,0.1999952,0,0,0,0,0,0,0,0,0,0,0,0,0,0.168135187,0,0.189686732,0,0,0.282307241,0.141611969,0,0,0,0,0,0,0,0,0,0,0,0,0,0,0,0,0,0,0,0,0,0,0,0,0,0,0,0.131345636,0,0,0,0,0,0,0,0,0,0,0,0,0.034146102,0,0,0.069934471
0,0,0.668020522,0.717123474,0,0,0,0,0,0,0,0,0,0,0,0,0,0,0,0,0,0,0,0,0,0,0,0,0,0.126457822,0.384944068,0.08198072,0.564614481,0.141611969,0,0,0.358994242,0,0,0,0,0,0,0,0.132753114,0,0.300390508,0,0,0,0,0,0,0,0,0.350762734,0,0,0.11369321,0,0,0,0.083595545,0,0,0,0,0,0,0,0,0,0,0,0,0,0.085746049,0
0,0.577060684,0,0,0,0,0,0,0,0.260313626,0,0,0,0.3999904,0,0,0,0,0,0,0.179459432,0.134301287,0,0,0,0,0,0,0,0.063228911,0,0,0,0,0,0,0,0,0,0,0,0,0,0,0,0,0,0,0,0,0,0,0,0,0,0,0,0,0,0,0,0,0,0,0,0,0.173030438,0,0,0,0,0,0.070529671,0.141942627,0.068292203,0,0.042873024,0
0,0,0,0.717123474,0,0,0,0,0,0,0,0,0,0,0,0,0,0,0,0,0,0,0,0,0,0,0,0,0,0.189686732,0,0,0,0,0,0,0,0,0,0,0,0,0,0.16179816,0.132753114,0,0,0,0,0,0,0,0,0,0,0,0,0,0,0,0.390053632,0.131345636,0,0,0,0,0.173030438,0,0,0,0,0.022316475,0.035264835,0.070971313,0.034146102,0,0.042873024,0.069934471
0,0,0,0,0,0,0,0,0,0,0,0,0,0,0,0,0,0,0,0,0.179459432,0.067150644,0,0,0,0,0,0,0,0,0,0.08198072,0,0,0,0,0,0,0,0,0,0,0,0,0,0,0,0,0,0,0,0,0,0,0,0,0,0,0,0,0,0,0,0,0,0,0,0,0,0,0,0,0,0.141942627,0,0,0.042873024,0
0,0,0,0,0,0,0,0,0,0,0,0,0,0,0,0,0,0,0,0,0,0.067150644,0,0,0,0,0,0,0,0.063228911,0,0.08198072,0.564614481,0,0,0,0,0,0,0,0,0,0,0,0,0,0,0,0,0,0,0,0,0,0,0,0.396008237,0,0,0,0,0,0,0,0,0,0.173030438,0,0,0,0,0,0.070529671,0.070971313,0.068292203,0,0.042873024,0
0,0,0,0,0,0,0,0,0,0,0,0,0,0.1999952,0,0,0,0,0,0,0,0,0,0,0,0,0,0.084067594,0,0.189686732,0,0,0.282307241,0,0.131367377,0,0,0,0.371116727,0,0,0,0,0,0.265506227,0,0,0,0,0,0,0,0,0,0,0,0,0,0,0,0,0,0,0,0,0,0,0,0,0,0,0,0.070529671,0,0,0,0.085746049,0
0,0.577060684,0,0,0,0,0,0,0,0,0,0,0,0,0,0,0,0,0,0,0.179459432,0,0,0,0,0,0,0.084067594,0,0,0,0,0.282307241,0,0,0,0,0,0,0,0,0,0,0,0,0,0,0,0,0,0,0,0,0,0,0,0,0,0.11369321,0,0,0,0,0,0,0,0,0,0,0.167845502,0,0.011158237,0.035264835,0,0,0,0.042873024,0.069934471
0,0,0,0,0,0,0,0,0,0,0,0,0,0,0,0,0,0,0,0,0,0.067150644,0,0,0,0,0,0,0,0.189686732,0,0,0,0.141611969,0,0,0.358994242,0,0,0,0,0,0,0,0,0,0,0,0,0,0,0,0,0,0,0,0,0,0,0,0,0,0,0,0,0,0,0,0,0,0,0,0.105794506,0,0,0,0.085746049,0
0,0,0,0,0,0,0,0,0,0,0,0,0,0.1999952,0,0,0,0,0,0,0,0,0,0,0,0,0,0,0,0.189686732,0,0.08198072,0.282307241,0,0,0,0,0,0,0,0,0,0,0,0,0,0,0,0,0,0,0,0,0,0,0,0,0,0,0,0,0,0,0,0,0,0,0,0,0,0,0,0.070529671,0,0,0,0,0
0,0,0,0,0,0,0,0,0,0,0,0,0,0,0,0.388648359,0,0,0,0,0,0,0,0,0,0,0,0,0,0.063228911,0,0,0,0,0,0.46936898,0,0,0,0,0,0,0,0,0,0,0,0,0,0,0,0,0,0,0,0,0,0,0,0,0,0,0,0,0,0,0,0,0,0,0,0,0.105794506,0,0,0,0,0.069934471
0,0.577060684,0,0,0,0,0,0,0,0,0,0,0,0,0,0,0,0,0,0,0,0,0,0,0.072330533,0,0,0,0,0.189686732,0,0,0,0,0,0,0,0,0.371116727,0,0,0,0,0,0,0,0,0,0,0,0,0,0,0,0,0,0,0,0,0,0,0,0,0,0,0,0,0,0,0,0,0.022316475,0.035264835,0,0.034146102,0,0,0
0,0,0,0,0,0,0,0,0,0,0,0,0,0,0,0,0,0,0,0,0,0,0,0,0,0,0,0.084067594,0,0.063228911,0,0,0,0,0,0,0.358994242,0,0,0,0,0,0,0,0,0,0,0,0,0,0,0,0,0,0,0,0,0,0,0,0,0,0,0,0,0,0,0,0,0,0,0.022316475,0.035264835,0.070971313,0,0,0.085746049,0
0,0,0,0,0,0,0,0,0,0,0,0,0,0.1999952,0,0,0,0,0,0,0.179459432,0,0,0,0,0,0,0,0,0.063228911,0,0,0.282307241,0,0,0,0,0,0,0,0,0,0,0,0.132753114,0,0,0,0,0,0,0,0,0,0,0,0,0,0,0,0,0,0,0,0,0,0,0,0,0,0,0.011158237,0,0,0,0,0.042873024,0.069934471
0,0,0,0,0,0,0,0,0,0,0,0,0,0.1999952,0,0,0,0,0,0,0,0,0,0.77273781,0,0,0,0,0,0.063228911,0,0.16396144,0,0,0,0,0,0,0,0,0,0,0,0,0.132753114,0,0,0,0,0,0,0,0,0,0,0,0,0,0,0,0,0,0,0,0,0.476158732,0,0,0,0,0,0,0.246853848,0.070971313,0,0,0.042873024,0
0,0.577060684,0,0,0,0,0,0,0,0,0,0.175568579,0,0,0,0,0,0,0,0,0,0,0,0,0,0,0,0,0,0,0,0,0,0,0,0,0,0,0,0,0,0,0,0,0,0,0.300390508,0.120740283,0,0,0,0,0,0,0,0,0,0,0,0,0,0,0,0,0,0,0,0,0,0,0,0,0.105794506,0,0.068292203,0,0.085746049,0
0,0,0,0.717123474,0,0,0,0,0,0,0,0,0,0,0,0,0,0,0,0,0,0,0,0,0,0,0,0,0,0,0,0,0,0,0,0,0.358994242,0,0,0,0,0,0,0,0,0,0,0,0,0,0,0,0,0,0,0,0,0,0,0,0,0,0,0,0,0,0,0,0,0,0,0,0,0,0,0,0,0
0,0,0,0,0,0,0.183832653,0,0,0,0,0,0,0,0,0,0,0,0,0,0,0,0,0,0,0,0,0,0,0.126457822,0,0,0,0,0,0,0,0,0,0,0,0,0,0,0,0,0,0,0,0,0,0,0,0,0,0,0,0,0,0,0,0,0,0,0,0,0,0,0,0,0,0,0.105794506,0,0,0,0.128619073,0
0,0,0,0,0,0,0,0,0,0,0,0,0,0,0,0,0,0,0,0,0,0,0,0,0,0,0,0,0,0,0,0,0,0,0,0,0,0,0,0,0,0,0,0,0,0,0,0,0,0.494415576,0,0,0,0,0,0,0,0,0,0,0,0,0,0,0,0,0,0,0,0,0,0,0.105794506,0,0.102438305,0,0,0
0,0,0,0,0,0,0,0,0,0,0,0,0,0.5999856,0,0,0,0,0,0,0,0,0,0,0,0,0,0,0,0.063228911,0,0.08198072,0.282307241,0,0,0,0,0,0,0,0,0,0,0,0,0,0,0,0,0,0,0,0,0,0,0,0,0,0,0,0,0,0,0,0,0,0,0,0,0,0,0.011158237,0.035264835,0.070971313,0.034146102,0,0,0.069934471
0,0,0,0.717123474,0,0,0,0,0,0,0,0,0,0.1999952,0,0,0,0,0,0,0,0,0,0,0,0,0,0.084067594,0,0.126457822,0,0,0,0,0,0,0,0,0,0,0,0,0,0,0,0,0,0,0,0,0,0,0,0,0,0,0,0,0,0,0,0,0,0,0,0,0,0,0,0,0,0,0.070529671,0,0,0,0.042873024,0
0,0,0,0,0,0,0,0,0,0,0,0,0,0.1999952,0,0,0,0,0,0,0,0,0,0,0,0,0,0,0,0.189686732,0,0,0.282307241,0.141611969,0,0,0,0,0,0,0,0,0,0,0,0,0,0,0,0,0,0,0,0,0,0,0,0,0,0,0,0,0.083595545,0,0,0,0,0,0,0,0,0,0.035264835,0.070971313,0,0,0.042873024,0
0,0,0,0,0,0,0,0.153013525,0,0,0,0,0,0.1999952,0,0,0,0,0,0,0,0,0,0,0,1.067657453,0,0.084067594,0,0,0,0.08198072,0,0,0.262734754,0,0,0,0,0,0,0,0,0,0,0,0,0,0,0,0,0,0,0,0,0,0,0,0.11369321,0,0,0,0,0,0,0,0,0,0,0,0,0.011158237,0.035264835,0,0,0,0,0
0,0,0,0,0,0.215806999,0,0,0,0,0,0,0,0.1999952,0,0,0,0,0,0,0,0,0,0,0,0,0,0.084067594,0,0,0,0,0,0,0,0,0,0,0,0,0,0,0,0.16179816,0,0,0,0.120740283,0,0,0,0,0,0,0,0,0,0,0,0,0,0,0,0,0,0,0,0,0,0,0,0,0,0,0,0,0,0.069934471
0,0,0,0,0,0,0,0,0,0,0,0,0,0,0,0,0.124580475,0,0,0,0,0,0,0,0,0,0,0,0,0,0,0,0,0,0,0,0,0,0,0,0,0,0,0,0,0,0,0,0,0,0,0,0,0,0,0,0,0,0,0,0,0,0,0,0,0,0,0,0,0,0,0.022316475,0.070529671,0,0,0,0.042873024,0