Bath and North East Somerset,Bedford,Blackburn with Darwen,Blackpool,Brighton and Hove,Bristol City,Buckinghamshire,Cambridgeshire,Central Bedfordshire,Cheshire East,Cheshire West and Chester,Cornwall,County Durham,Cumbria,Darlington,Derby,Derbyshire,Devon,Dorset,East Riding of Yorkshire,East Sussex,Essex,Gloucestershire,Borough of Halton,Hampshire,Hartlepool,Herefordshire,Hertfordshire,Isle of Wight,Kent,Kingston upon Hull,Lancashire,Leicester,Leicestershire,Lincolnshire,Luton,Medway,Middlesbrough,Milton Keynes,Norfolk,North East Lincolnshire,North Lincolnshire,North Somerset,North Yorkshire,Northamptonshire,Northumberland,Nottingham,Nottinghamshire,Oxfordshire,Peterborough,Plymouth,Portsmouth,Redcar and Cleveland,Shropshire,Somerset,South Gloucestershire,Southampton,Southend-on-Sea,Staffordshire,Stockton-on-Tees,Stoke-on-Trent,Suffolk,Surrey,Swindon,Thurrock,Warrington,Warwickshire,West Sussex,Wiltshire,Worcestershire,York,GREATER LONDON,GREATER manchester,South Yorkshire,West Midlands,Tyne and Wear,West Yorkshire,Merseyside
-10,-4,-7,-4,-7,-10,-8,-8,-7,-5,-6,-7,-3,-7,-7,-5,-5,-9,-6,-8,-3,-7,-8,-3,-7,-1,-8,-5,-2,-5,-3,-7,-6,-6,-5,-5,0,-6,-7,-3,-3,-6,-7,-7,-4,1,-5,-7,-5,-6,-10,-7,-10,-5,-6,4,-9,8,-6,-6,-6,-2,-5,-7,-4,-5,-6,-7,-8,-7,-10,-8,-7,-5,-7,-5,-6,-6
-3,-6,-3,0,-14,-5,-12,-9,-7,-4,-3,1,-2,2,-4,-7,-5,-6,-7,-6,-12,-12,-4,-5,-9,-3,-9,-9,-1,-13,-5,-3,-5,-7,-7,-7,-8,-2,-4,-7,-4,-6,-6,0,-3,0,-4,-5,-5,-7,-6,-12,-4,-6,-2,6,-6,2,-5,-3,-3,-8,-9,-4,-9,-4,-5,-13,-7,-6,-2,-11,-4,-3,-7,-4,-6,-3
2,2,0,1,0,-1,-1,0,0,-2,0,9,-1,6,-5,-2,0,7,7,-1,0,-1,3,-2,2,4,2,2,12,0,0,-1,1,0,0,0,6,-4,1,3,-2,-4,2,4,1,2,1,0,4,-1,5,2,-2,2,5,11,-1,14,2,-2,-1,2,2,-2,5,0,1,3,1,2,4,4,-2,-1,-1,-2,-2,-1
1,-3,-1,-2,-3,0,-4,-3,0,-1,-1,8,1,6,-5,-3,-1,6,4,-1,-1,-4,1,1,-1,-1,2,-1,5,-2,-1,-1,-4,-1,-1,-2,2,-7,-1,2,-2,-3,3,3,0,2,-4,-3,1,-4,-3,2,-1,2,4,11,-2,12,-1,-3,0,1,0,-3,-2,-3,-3,-2,-1,-1,3,-2,-2,-2,-3,-4,-3,-1
0,1,-3,-7,-2,-3,-4,-4,-3,-4,0,7,-1,-1,-5,-4,-3,5,3,-2,1,-3,0,-5,-1,4,1,-3,6,-2,-3,-4,-5,-3,-2,-6,1,-2,-3,1,0,-7,-1,3,-1,-2,-2,-3,0,-5,-1,1,-2,2,2,9,-3,11,-2,-2,-5,0,-1,-3,0,-3,-3,-1,-1,1,1,-3,-5,-2,-4,-4,-3,-4
2,0,-2,0,-2,-1,-5,-5,-3,-3,-2,8,-2,2,0,-3,-3,5,3,-1,0,-4,1,0,-1,1,-1,-3,4,-4,-1,-2,-3,-2,0,-7,0,-2,-1,0,-2,-6,2,1,0,2,-2,-3,0,-6,1,-2,-2,3,4,4,-6,9,-1,0,-4,0,-2,-3,-1,-4,-1,-3,-2,0,2,-4,-3,-3,-2,-5,-3,-2
-1,2,-6,-1,-1,-1,-4,-2,0,-2,-3,4,-1,-2,-4,-1,-1,5,3,-1,1,-2,-2,-1,1,1,-2,0,5,-1,0,-4,-3,2,-1,-5,7,0,-4,3,-1,-5,0,1,0,0,1,1,3,-4,1,1,-4,0,3,-1,-6,13,1,1,0,2,-1,1,4,-3,1,0,1,-1,3,-1,-6,0,-1,-1,-5,-2
-1,0,0,0,-1,-5,-5,-5,-3,-1,-2,2,-2,-1,-4,-1,-1,3,1,-2,-2,-3,-1,0,-2,2,-1,0,3,-3,0,-2,-3,-1,-1,-1,5,-2,-6,0,0,-1,-3,-1,0,0,-2,-1,1,-3,-1,-2,-4,-3,1,-3,-4,12,0,-1,-2,0,-2,-1,1,-2,3,-3,1,-1,-2,-3,-4,-1,-2,-2,-3,-1
1,2,1,1,-3,-1,-4,-5,-3,1,-3,0,0,0,-6,0,-2,0,0,0,-2,-5,-3,-1,-2,1,-3,-2,3,-5,1,-2,-4,0,-3,-3,3,1,-6,-3,0,-1,-2,-1,1,0,-1,0,0,-3,-3,-5,-3,-2,0,-2,-4,12,0,-2,-1,-2,-2,-1,0,-6,-2,-4,0,-2,1,-3,-4,0,-3,-3,-2,-3
0,1,-1,-2,-4,-3,-2,-2,-1,-1,0,1,-5,-3,-5,-1,-1,2,1,-4,-1,-2,-1,-2,-1,0,2,0,-1,-2,-3,-1,-4,0,-1,-1,6,-1,-2,-2,1,-3,-2,-4,0,-2,-1,-1,2,-3,0,-2,-3,-1,1,-1,-6,9,2,-2,0,-1,1,0,2,0,0,-1,0,0,0,0,-3,0,-1,-5,-4,-1
2,4,8,3,5,4,4,4,6,4,8,6,11,8,7,8,8,7,6,5,5,3,4,9,4,9,7,7,6,4,3,6,0,6,5,3,11,8,0,6,5,3,5,8,5,8,7,6,6,7,3,6,6,4,5,5,-1,12,8,9,7,4,7,6,5,2,4,3,5,5,7,2,2,5,2,4,3,6
0,-1,0,-2,1,-2,-1,-2,0,0,0,-1,1,-1,-2,0,-1,3,1,-2,2,-2,0,0,-1,2,2,1,1,-1,-1,-1,-3,0,-2,-2,6,-3,-1,1,0,-1,-1,2,1,2,0,0,1,-1,0,0,0,-1,1,-1,-6,8,0,0,-4,-1,1,1,1,-2,0,-1,-1,1,-3,0,-4,-1,0,-1,-1,0
3,2,2,-1,2,4,-1,-2,1,3,1,3,2,3,1,2,2,5,3,3,2,-2,1,3,2,3,3,0,4,-1,5,1,0,2,1,1,7,1,-4,0,-1,1,3,3,2,4,3,2,1,0,3,1,1,2,2,8,-6,11,3,5,1,0,1,1,3,-1,4,2,3,2,1,-1,-1,1,1,1,1,2
0,3,3,1,-5,1,-1,-3,2,1,2,2,-2,2,1,2,0,4,2,0,-1,-1,0,4,2,6,1,2,2,0,2,2,-5,2,-1,1,9,3,-2,-1,1,-2,1,2,1,4,2,0,3,-3,1,0,1,4,6,12,-4,14,3,8,3,0,3,-1,5,1,3,0,3,1,2,-1,-3,2,0,2,0,2
3,2,0,1,0,1,1,-2,0,2,2,3,-4,1,5,3,2,4,3,1,2,-1,3,2,2,4,4,5,6,-1,5,0,2,4,2,7,7,4,-1,3,2,1,2,2,3,3,3,3,4,1,2,2,2,0,5,14,-2,11,1,4,0,3,1,1,6,1,8,1,3,3,-2,0,-1,3,2,2,0,1
6,4,8,4,2,4,2,-1,1,6,2,2,-5,2,2,5,3,2,5,5,3,0,3,6,3,2,4,4,5,1,6,2,3,4,2,2,11,-3,0,1,2,-2,2,2,4,3,5,3,4,4,2,2,-1,2,6,13,1,18,4,3,5,3,4,1,5,7,2,3,4,4,0,4,-1,5,1,-1,1,3
3,5,3,2,4,3,5,2,4,3,4,5,-2,4,1,4,3,7,6,3,6,2,5,5,5,5,4,5,9,3,4,3,4,3,3,5,11,4,2,3,2,-1,6,4,3,5,5,3,6,1,7,4,3,4,4,15,-1,14,5,4,3,3,6,3,7,1,5,5,6,4,5,6,0,3,3,2,2,3
3,4,0,3,3,4,4,0,5,3,4,5,1,5,2,4,4,5,4,3,3,-1,1,3,4,8,3,5,3,2,3,4,1,4,1,4,8,0,-1,2,3,-2,7,5,3,3,4,3,5,2,3,2,3,4,4,3,-3,15,4,6,3,1,5,4,2,2,4,3,3,4,2,2,1,2,2,1,2,3
0,4,6,4,-1,0,5,1,6,6,7,4,4,6,1,5,4,5,3,5,3,0,2,4,3,6,4,5,3,3,4,5,2,5,4,5,7,3,0,4,5,3,4,6,4,6,5,5,4,2,3,1,6,3,4,2,-2,19,5,6,5,3,5,2,5,3,5,1,1,3,4,1,3,5,3,4,4,5
7,4,1,2,-5,4,3,1,3,7,6,7,2,7,2,2,4,7,3,7,-3,-5,5,3,2,7,5,1,2,-3,6,5,1,4,4,-2,1,3,1,4,3,1,4,6,4,9,4,5,4,3,5,-4,6,4,6,-3,-4,7,6,10,6,2,0,5,4,2,6,-2,3,5,3,-5,3,2,5,3,4,6
5,6,5,5,6,4,6,3,6,7,4,4,3,6,2,6,5,7,8,6,7,3,4,3,7,7,3,8,6,6,5,5,5,5,6,6,16,7,2,6,4,2,5,9,5,7,8,6,8,-2,2,3,4,6,9,-1,4,22,7,9,5,4,9,6,12,7,7,7,5,3,5,8,2,5,6,4,4,6
4,2,1,4,1,0,2,-1,4,4,4,1,0,4,1,2,3,6,6,6,3,-2,2,-1,3,2,1,4,7,1,2,1,6,4,5,3,8,2,-3,4,3,2,2,8,3,7,4,2,4,-3,1,2,-1,2,4,-5,2,13,3,1,4,1,4,2,8,1,5,3,3,1,0,3,0,2,1,1,1,2
3,6,7,6,3,3,2,2,4,4,4,4,1,4,5,4,4,2,4,10,4,-2,2,3,2,2,6,3,7,1,6,3,11,5,5,5,7,3,-2,3,1,1,5,8,6,6,6,4,4,-2,-1,3,2,5,7,-9,2,21,6,4,4,3,3,2,11,7,8,3,3,3,3,3,2,3,3,2,3,4
5,3,0,0,1,0,4,2,5,2,4,4,4,2,2,0,3,6,9,5,5,1,6,2,5,6,5,5,8,5,1,1,5,3,4,4,13,0,2,5,1,0,4,4,3,7,3,3,5,-3,3,5,4,4,6,-5,1,15,4,5,2,2,7,4,9,3,5,6,5,5,3,6,-1,3,3,2,2,2
2,5,2,4,3,3,6,6,8,6,6,3,5,7,4,6,5,7,7,6,4,2,4,7,7,7,6,7,6,4,7,4,10,7,6,8,11,5,4,6,3,3,7,7,6,7,4,6,7,1,-1,6,5,6,7,-4,2,17,7,8,7,4,7,4,9,5,7,5,5,7,5,7,3,3,6,3,1,7
6,6,6,1,6,3,5,4,9,7,6,2,1,1,3,4,4,4,6,4,5,2,5,2,5,8,4,6,3,5,5,3,6,7,4,9,11,1,3,6,3,2,5,4,6,5,6,4,7,2,1,6,4,5,6,-4,4,17,6,6,4,4,7,5,13,5,7,5,3,6,2,8,2,4,5,0,2,5
11,13,10,7,10,11,13,10,12,12,11,8,7,5,6,14,10,10,13,11,11,8,11,11,12,11,8,13,11,12,11,9,15,13,11,13,17,-1,9,8,9,6,9,8,12,11,15,11,13,4,6,9,12,8,11,-5,7,23,12,14,12,11,11,11,22,13,14,12,7,13,3,14,8,8,14,9,8,12
11,16,13,10,11,10,13,9,16,11,12,4,8,7,7,14,10,8,9,11,10,9,7,12,11,12,7,14,8,11,11,12,18,14,12,13,20,2,8,9,8,7,9,10,11,13,17,10,13,5,4,9,9,7,11,2,9,24,13,15,14,9,13,9,25,14,13,11,7,10,3,15,9,10,14,11,9,13
13,9,12,6,7,6,9,4,13,11,12,6,7,4,7,12,8,8,8,12,8,6,6,-6,7,11,6,11,12,8,8,7,15,11,11,18,15,2,1,8,10,7,7,11,9,13,15,8,9,5,4,8,7,3,9,0,7,19,10,11,9,7,8,10,14,9,13,7,7,7,2,9,8,7,11,10,7,10
8,5,15,10,5,5,5,2,8,12,11,10,11,10,10,10,10,9,9,18,10,6,5,-4,7,8,6,6,13,8,11,10,8,9,11,13,11,3,-2,8,11,9,8,16,7,20,15,9,6,2,2,8,15,6,10,-4,4,20,11,11,11,7,9,7,8,12,3,9,7,6,5,6,8,10,7,9,9,11
21,25,25,17,15,17,25,19,26,24,25,18,19,15,20,23,23,21,22,27,24,21,20,4,22,23,14,24,22,22,21,19,24,25,24,27,32,10,18,20,21,19,22,22,20,29,24,20,23,19,16,20,22,16,21,14,13,33,25,23,21,21,25,23,30,25,23,24,20,21,18,23,18,20,21,22,20,21
24,25,26,21,18,22,27,23,32,28,27,24,22,19,26,29,30,26,25,30,26,23,23,11,28,26,22,27,20,26,25,24,22,29,25,29,31,14,22,22,25,24,25,27,23,30,27,26,25,20,18,24,23,20,26,23,23,37,29,30,27,24,30,31,27,30,26,28,25,24,20,19,21,23,22,26,23,23
16,31,29,17,18,15,31,22,35,27,26,17,24,16,22,27,27,19,23,27,29,29,17,7,27,26,13,31,21,28,25,23,27,29,23,33,39,16,25,19,24,24,19,21,23,28,28,25,22,19,15,27,24,16,21,15,24,47,27,29,24,22,33,33,40,29,23,28,21,22,16,28,21,23,25,26,24,25
21,32,32,21,18,18,33,23,36,27,30,17,25,19,21,31,29,19,24,31,27,29,18,13,28,27,16,30,24,28,30,24,38,34,27,40,42,19,29,21,25,29,18,24,29,32,35,29,24,23,18,26,30,20,20,9,23,44,33,33,33,24,33,36,40,30,29,30,22,24,17,30,25,23,32,28,26,28
5,15,14,9,2,4,13,12,21,11,11,3,16,8,11,14,15,7,10,18,11,13,7,11,13,13,5,14,9,12,14,12,15,17,13,16,24,11,10,8,13,16,5,14,12,19,17,13,12,5,1,12,15,8,8,12,8,30,17,19,17,11,17,15,18,16,17,13,9,8,5,8,9,11,13,14,10,13
-1,2,4,6,-2,-9,3,-1,9,10,5,-1,14,8,6,3,13,2,5,16,7,3,2,5,7,10,3,2,10,5,7,8,-1,7,9,9,16,5,-5,2,8,13,0,11,4,18,3,7,0,1,-4,5,17,1,3,2,-1,17,9,9,8,4,7,4,0,8,9,6,5,4,-9,-8,1,5,2,6,3,7
-17,-14,-7,-8,-17,-20,-11,-15,-7,-10,-13,-15,-6,-11,-12,-12,-5,-14,-10,-2,-9,-12,-13,-11,-11,-12,-15,-13,-6,-13,-11,-9,-14,-11,-7,-6,-3,-17,-19,-14,-9,-1,-15,-4,-9,0,-12,-11,-12,-15,-19,-16,-4,-15,-10,-16,-11,3,-7,-10,-9,-12,-9,-12,-16,-9,-12,-10,-13,-13,-19,-20,-13,-9,-13,-15,-11,-10
-13,-6,-4,-7,-15,-17,-6,-7,-1,-5,-6,-10,-4,-9,-10,-6,-2,-9,-5,-1,-2,-5,-9,-8,-4,-2,-11,-7,-4,-5,-8,-5,-7,-3,-2,-4,3,-11,-10,-9,-4,0,-10,-5,-5,1,-9,-6,-6,-10,-12,-9,-3,-9,-6,-7,-7,7,-2,-3,-6,-8,-2,-4,-3,-2,-3,-3,-5,-6,-14,-13,-9,-6,-6,-8,-8,-7
-33,-21,-19,-23,-28,-27,-22,-22,-17,-24,-25,-30,-24,-29,-23,-19,-19,-28,-25,-21,-21,-23,-25,-21,-22,-25,-25,-23,-27,-22,-22,-22,-21,-20,-21,-13,-13,-30,-26,-27,-24,-21,-27,-24,-19,-21,-22,-22,-22,-24,-30,-24,-22,-26,-24,-21,-23,-9,-20,-21,-22,-25,-21,-21,-19,-19,-20,-22,-22,-25,-32,-25,-24,-21,-22,-25,-24,-21
-31,-23,-22,-26,-31,-30,-25,-25,-20,-26,-27,-35,-24,-33,-28,-20,-21,-30,-28,-24,-23,-25,-28,-30,-25,-23,-28,-25,-31,-23,-24,-24,-26,-21,-25,-20,-18,-29,-26,-29,-23,-24,-29,-28,-21,-22,-29,-24,-26,-28,-33,-25,-26,-30,-28,-25,-25,-11,-22,-22,-26,-27,-23,-23,-25,-20,-22,-23,-25,-25,-34,-28,-27,-23,-26,-24,-25,-24
-32,-24,-24,-25,-31,-32,-26,-28,-24,-29,-28,-37,-26,-34,-31,-26,-24,-33,-29,-24,-27,-27,-28,-29,-27,-28,-32,-28,-31,-28,-27,-26,-28,-25,-27,-22,-21,-32,-27,-31,-27,-24,-31,-30,-23,-24,-27,-26,-26,-31,-34,-26,-27,-30,-30,-31,-28,-15,-24,-26,-27,-29,-25,-24,-31,-22,-22,-24,-27,-27,-36,-32,-28,-25,-26,-27,-26,-25
-35,-25,-28,-28,-35,-34,-28,-29,-23,-31,-32,-39,-24,-35,-32,-26,-26,-34,-31,-26,-27,-28,-32,-27,-28,-30,-34,-30,-33,-29,-27,-27,-30,-27,-27,-22,-19,-31,-31,-32,-28,-28,-34,-32,-24,-25,-25,-26,-28,-31,-37,-28,-29,-32,-31,-29,-26,-15,-26,-26,-26,-31,-27,-26,-31,-19,-25,-27,-29,-29,-34,-32,-29,-26,-28,-28,-28,-26
-44,-40,-37,-40,-42,-44,-38,-42,-37,-40,-40,-46,-36,-45,-44,-38,-37,-43,-41,-39,-37,-41,-41,-39,-38,-38,-43,-40,-40,-40,-38,-37,-41,-38,-38,-30,-32,-39,-43,-43,-38,-35,-45,-43,-36,-34,-37,-39,-40,-41,-43,-38,-37,-44,-41,-39,-36,-30,-38,-38,-39,-41,-37,-39,-44,-33,-35,-38,-38,-42,-47,-41,-39,-37,-39,-38,-38,-35
-48,-47,-42,-43,-48,-47,-45,-48,-45,-47,-47,-53,-42,-50,-47,-46,-43,-51,-47,-45,-46,-49,-48,-43,-45,-44,-50,-47,-47,-49,-45,-44,-47,-45,-45,-39,-40,-43,-49,-52,-46,-41,-50,-48,-42,-42,-45,-45,-45,-45,-50,-43,-44,-49,-48,-45,-41,-39,-44,-47,-44,-51,-44,-44,-53,-42,-44,-46,-45,-47,-50,-48,-46,-43,-45,-47,-44,-42
-40,-30,-31,-30,-37,-39,-32,-33,-28,-34,-34,-38,-28,-37,-31,-32,-29,-35,-33,-28,-27,-32,-35,-32,-31,-31,-33,-34,-33,-30,-31,-31,-34,-30,-30,-26,-24,-36,-35,-35,-29,-29,-37,-35,-30,-26,-35,-33,-33,-37,-37,-31,-29,-35,-33,-32,-30,-20,-30,-30,-33,-35,-31,-29,-36,-26,-31,-28,-32,-33,-40,-36,-34,-30,-33,-30,-31,-29
-37,-29,-28,-28,-36,-33,-29,-29,-24,-31,-31,-36,-28,-35,-31,-28,-25,-33,-31,-27,-27,-30,-32,-26,-28,-30,-34,-30,-33,-30,-28,-27,-34,-26,-28,-22,-24,-37,-29,-32,-28,-28,-32,-31,-24,-27,-34,-28,-30,-31,-34,-28,-28,-33,-30,-27,-25,-17,-26,-28,-28,-32,-29,-25,-32,-24,-26,-28,-28,-29,-36,-35,-31,-28,-29,-30,-31,-26
-39,-31,-32,-30,-37,-38,-32,-33,-27,-34,-32,-39,-28,-37,-34,-30,-27,-35,-33,-29,-29,-33,-36,-37,-30,-27,-35,-33,-35,-32,-32,-30,-35,-29,-30,-26,-25,-35,-34,-35,-30,-29,-37,-34,-28,-27,-37,-31,-33,-35,-37,-28,-30,-35,-34,-32,-29,-19,-30,-29,-33,-33,-32,-29,-34,-29,-29,-30,-33,-32,-38,-36,-33,-29,-32,-29,-31,-29
-37,-29,-31,-30,-37,-37,-31,-32,-27,-33,-32,-37,-30,-37,-35,-29,-27,-35,-31,-28,-29,-32,-34,-32,-29,-30,-34,-32,-33,-31,-30,-30,-32,-28,-30,-26,-24,-36,-33,-33,-30,-27,-35,-34,-27,-27,-35,-30,-32,-36,-35,-31,-31,-33,-32,-33,-30,-20,-28,-32,-30,-33,-31,-27,-35,-28,-27,-29,-30,-30,-35,-36,-33,-29,-30,-31,-31,-29
-37,-28,-29,-27,-36,-33,-30,-30,-25,-32,-33,-38,-28,-36,-33,-30,-27,-34,-31,-28,-28,-31,-33,-30,-29,-30,-36,-32,-32,-31,-28,-28,-32,-28,-29,-27,-23,-34,-33,-33,-29,-30,-34,-33,-26,-25,-34,-29,-31,-33,-35,-27,-29,-32,-32,-25,-26,-19,-27,-28,-28,-32,-31,-26,-33,-24,-25,-30,-30,-30,-37,-34,-30,-27,-29,-29,-30,-25
-44,-38,-37,-38,-39,-41,-35,-38,-35,-38,-39,-42,-33,-43,-39,-34,-33,-41,-38,-36,-35,-38,-40,-39,-35,-36,-41,-38,-40,-38,-33,-36,-39,-36,-35,-26,-29,-35,-40,-40,-36,-29,-43,-41,-33,-32,-39,-37,-38,-36,-39,-36,-36,-42,-38,-33,-31,-31,-36,-35,-36,-40,-36,-33,-41,-31,-32,-36,-36,-39,-45,-38,-36,-34,-36,-34,-35,-33
-47,-42,-37,-38,-41,-43,-39,-41,-38,-43,-44,-49,-38,-47,-41,-41,-40,-46,-44,-40,-40,-43,-45,-39,-41,-40,-44,-41,-44,-43,-36,-41,-40,-41,-40,-30,-33,-36,-43,-46,-42,-37,-47,-45,-37,-36,-43,-40,-43,-38,-45,-40,-39,-45,-44,-38,-37,-31,-40,-43,-42,-46,-40,-40,-43,-37,-40,-41,-42,-44,-47,-41,-41,-38,-41,-41,-39,-39
-41,-29,-27,-28,-38,-36,-31,-32,-28,-33,-33,-37,-28,-37,-34,-29,-27,-33,-31,-27,-28,-33,-34,-31,-30,-30,-34,-33,-32,-32,-28,-28,-32,-28,-29,-27,-26,-35,-33,-34,-27,-26,-35,-34,-27,-26,-35,-31,-31,-33,-34,-29,-30,-33,-32,-26,-28,-21,-28,-32,-31,-35,-33,-26,-35,-28,-29,-29,-30,-31,-39,-35,-31,-29,-30,-30,-31,-28
-38,-29,-24,-25,-36,-33,-27,-29,-24,-31,-30,-37,-25,-32,-30,-26,-24,-33,-31,-26,-28,-30,-32,-27,-28,-28,-33,-30,-34,-30,-26,-26,-30,-27,-26,-25,-22,-33,-32,-32,-26,-24,-33,-30,-24,-21,-33,-27,-28,-27,-36,-29,-27,-32,-30,-23,-25,-21,-26,-26,-26,-32,-30,-25,-32,-23,-26,-29,-30,-29,-35,-33,-28,-27,-28,-27,-27,-24
-35,-23,-23,-25,-34,-31,-26,-26,-22,-28,-28,-35,-21,-30,-28,-24,-22,-30,-28,-22,-24,-28,-31,-31,-25,-22,-31,-30,-32,-28,-28,-23,-28,-23,-24,-23,-19,-33,-29,-29,-23,-24,-31,-30,-22,-20,-32,-26,-26,-27,-32,-26,-26,-31,-27,-22,-24,-15,-24,-24,-26,-29,-28,-24,-31,-22,-22,-26,-28,-25,-34,-33,-27,-24,-26,-24,-26,-23
-26,-14,-20,-14,-25,-21,-18,-19,-14,-20,-21,-26,-17,-22,-23,-17,-15,-21,-18,-16,-15,-21,-22,-19,-16,-18,-23,-23,-24,-20,-20,-17,-24,-18,-16,-14,-11,-28,-19,-21,-16,-16,-23,-25,-14,-11,-26,-18,-19,-20,-25,-17,-17,-21,-17,-17,-14,-9,-16,-20,-16,-20,-19,-11,-24,-14,-14,-17,-18,-18,-27,-26,-21,-19,-19,-19,-20,-15
-43,-31,-34,-31,-37,-34,-35,-34,-30,-38,-39,-42,-34,-40,-36,-29,-30,-40,-37,-33,-34,-37,-40,-39,-34,-34,-38,-36,-40,-36,-32,-33,-30,-31,-33,-26,-27,-36,-35,-39,-32,-30,-40,-38,-29,-31,-34,-30,-34,-32,-42,-32,-34,-36,-37,-28,-26,-26,-29,-32,-27,-38,-34,-31,-38,-28,-26,-34,-37,-34,-39,-35,-36,-29,-30,-35,-31,-32
-38,-34,-30,-30,-35,-36,-33,-34,-30,-32,-34,-38,-28,-35,-35,-31,-29,-37,-34,-32,-31,-36,-35,-34,-32,-33,-37,-36,-32,-34,-32,-30,-34,-32,-31,-23,-24,-31,-37,-36,-33,-25,-39,-36,-29,-24,-35,-34,-34,-29,-37,-30,-32,-37,-34,-27,-26,-27,-31,-30,-30,-37,-32,-30,-40,-24,-27,-32,-33,-34,-40,-36,-31,-29,-31,-30,-31,-26
-65,-69,-62,-60,-62,-62,-63,-66,-66,-66,-68,-74,-64,-70,-77,-65,-66,-71,-67,-69,-63,-68,-71,-69,-65,-69,-72,-66,-69,-69,-60,-67,-60,-68,-65,-49,-55,-57,-60,-73,-67,-61,-71,-68,-62,-65,-64,-70,-65,-57,-70,-61,-65,-72,-70,-59,-50,-60,-67,-71,-65,-73,-63,-65,-71,-57,-62,-65,-66,-70,-64,-60,-67,-65,-62,-68,-65,-66
-50,-43,-35,-37,-46,-44,-42,-45,-39,-44,-42,-44,-39,-42,-42,-38,-38,-44,-41,-40,-42,-44,-45,-45,-40,-40,-45,-44,-42,-44,-40,-36,-42,-41,-43,-37,-40,-47,-44,-46,-39,-41,-45,-46,-40,-34,-47,-42,-44,-45,-43,-39,-38,-44,-42,-34,-39,-40,-38,-41,-38,-46,-42,-38,-43,-36,-40,-41,-41,-41,-47,-43,-39,-40,-39,-38,-38,-39
-33,-27,-22,-22,-34,-29,-26,-26,-21,-25,-26,-31,-20,-27,-25,-22,-19,-28,-27,-20,-24,-27,-29,-22,-25,-20,-29,-28,-29,-27,-22,-22,-28,-22,-22,-19,-20,-30,-28,-27,-21,-19,-28,-26,-20,-20,-31,-23,-26,-24,-31,-25,-21,-27,-25,-19,-24,-17,-20,-22,-22,-28,-27,-23,-32,-20,-22,-26,-25,-24,-31,-32,-25,-21,-24,-24,-24,-22
-37,-27,-23,-25,-33,-32,-27,-28,-24,-28,-27,-35,-22,-29,-27,-27,-23,-32,-30,-24,-25,-29,-31,-30,-27,-24,-32,-30,-33,-28,-25,-24,-29,-24,-27,-22,-21,-33,-29,-30,-22,-22,-32,-30,-23,-19,-33,-26,-29,-27,-33,-24,-24,-29,-29,-21,-27,-16,-24,-24,-26,-30,-28,-25,-30,-20,-24,-27,-30,-26,-35,-32,-28,-24,-25,-26,-25,-24
-35,-25,-23,-21,-34,-31,-28,-29,-25,-28,-28,-35,-26,-29,-29,-24,-22,-31,-29,-22,-26,-29,-30,-27,-28,-23,-31,-31,-32,-29,-23,-24,-28,-25,-24,-22,-21,-32,-30,-31,-23,-23,-31,-29,-22,-20,-29,-25,-30,-25,-33,-28,-24,-28,-29,-26,-26,-18,-22,-26,-22,-30,-30,-25,-31,-22,-23,-27,-30,-27,-34,-32,-27,-24,-24,-26,-24,-23
-45,-28,-26,-23,-38,-37,-32,-29,-27,-30,-32,-40,-28,-31,-30,-28,-26,-37,-35,-28,-29,-31,-37,-29,-35,-28,-33,-32,-36,-31,-27,-26,-29,-28,-28,-24,-23,-30,-32,-32,-27,-25,-38,-32,-26,-21,-30,-28,-34,-28,-40,-37,-27,-33,-35,-29,-32,-22,-26,-27,-25,-32,-34,-33,-33,-22,-27,-32,-36,-32,-35,-34,-29,-26,-28,-26,-28,-24
-48,-39,-35,-33,-38,-44,-38,-40,-33,-39,-40,-42,-30,-37,-37,-36,-36,-39,-37,-33,-36,-38,-42,-37,-36,-31,-43,-39,-37,-38,-34,-34,-40,-38,-35,-26,-32,-34,-43,-43,-33,-31,-42,-38,-37,-28,-43,-37,-42,-36,-40,-37,-29,-42,-39,-41,-32,-33,-39,-34,-37,-40,-37,-44,-43,-37,-37,-35,-39,-41,-45,-38,-39,-34,-38,-33,-35,-34
-44,-40,-33,-33,-42,-41,-40,-42,-36,-40,-40,-47,-35,-42,-44,-40,-38,-44,-41,-38,-38,-42,-41,-35,-41,-35,-42,-43,-39,-43,-37,-37,-40,-40,-37,-30,-35,-37,-43,-44,-38,-34,-44,-38,-39,-33,-44,-38,-44,-40,-43,-41,-33,-42,-44,-42,-35,-32,-40,-42,-36,-42,-40,-45,-45,-42,-40,-39,-41,-42,-46,-42,-39,-36,-39,-41,-36,-38
-41,-30,-27,-25,-38,-36,-31,-32,-27,-33,-32,-35,-26,-32,-33,-29,-26,-31,-31,-26,-29,-30,-33,-26,-30,-25,-33,-33,-30,-32,-28,-28,-33,-30,-27,-20,-27,-32,-34,-33,-25,-26,-34,-32,-28,-24,-36,-29,-34,-29,-33,-30,-26,-31,-31,-33,-28,-25,-28,-30,-28,-33,-33,-33,-34,-29,-29,-29,-32,-31,-38,-34,-31,-29,-29,-29,-29,-29
-38,-28,-25,-21,-35,-33,-30,-29,-23,-28,-28,-34,-24,-28,-30,-26,-22,-30,-28,-23,-27,-28,-31,-21,-28,-24,-33,-30,-31,-30,-26,-24,-31,-26,-25,-17,-25,-28,-31,-31,-22,-23,-30,-27,-25,-22,-35,-25,-32,-27,-34,-30,-21,-28,-28,-30,-26,-22,-25,-27,-24,-30,-31,-31,-33,-27,-27,-27,-29,-27,-37,-33,-29,-26,-27,-27,-26,-26
-39,-26,-23,-24,-35,-34,-29,-29,-22,-29,-28,-35,-23,-30,-30,-26,-24,-30,-29,-24,-26,-28,-30,-29,-28,-24,-32,-31,-31,-30,-28,-25,-30,-25,-25,-19,-26,-30,-31,-31,-25,-24,-30,-29,-25,-21,-35,-26,-33,-28,-33,-28,-22,-29,-29,-30,-26,-21,-27,-26,-25,-30,-31,-32,-31,-28,-26,-27,-30,-28,-39,-32,-30,-25,-27,-28,-26,-26
-33,-24,-22,-22,-32,-30,-27,-29,-21,-28,-28,-32,-23,-29,-32,-23,-23,-28,-26,-23,-25,-27,-29,-21,-26,-24,-30,-29,-29,-28,-25,-24,-27,-26,-23,-14,-24,-28,-28,-30,-23,-23,-28,-27,-23,-20,-32,-25,-30,-26,-30,-28,-24,-26,-27,-31,-24,-19,-25,-27,-22,-27,-30,-29,-31,-28,-24,-24,-29,-26,-36,-30,-28,-26,-24,-28,-25,-24
-36,-22,-24,-20,-33,-31,-28,-28,-23,-29,-28,-34,-23,-28,-30,-23,-23,-30,-29,-24,-26,-27,-31,-22,-27,-23,-30,-29,-30,-29,-25,-23,-27,-24,-24,-17,-21,-27,-30,-30,-25,-23,-31,-27,-23,-20,-31,-24,-30,-27,-34,-30,-21,-28,-27,-29,-23,-21,-24,-26,-20,-27,-30,-30,-31,-26,-23,-26,-29,-27,-35,-30,-27,-23,-25,-25,-24,-24
-40,-32,-29,-27,-36,-37,-32,-36,-28,-31,-31,-40,-27,-34,-34,-29,-28,-35,-34,-30,-31,-34,-33,-30,-32,-30,-35,-34,-35,-35,-31,-27,-33,-32,-29,-19,-27,-30,-36,-36,-28,-25,-37,-33,-30,-23,-36,-31,-37,-30,-37,-34,-26,-35,-34,-32,-28,-29,-31,-31,-27,-34,-34,-37,-40,-31,-29,-32,-33,-33,-42,-35,-32,-29,-31,-31,-29,-28
-42,-37,-31,-33,-38,-38,-35,-38,-33,-39,-39,-43,-35,-42,-40,-37,-37,-41,-38,-35,-35,-38,-38,-31,-37,-34,-41,-38,-37,-39,-35,-36,-35,-37,-33,-23,-30,-34,-40,-39,-38,-32,-41,-38,-33,-30,-42,-37,-40,-33,-40,-38,-31,-39,-38,-35,-31,-30,-37,-41,-35,-38,-37,-42,-41,-38,-35,-36,-37,-39,-47,-38,-39,-35,-36,-40,-34,-36
-39,-27,-25,-20,-36,-35,-31,-32,-26,-31,-30,-34,-24,-29,-31,-27,-26,-31,-29,-24,-26,-29,-31,-27,-29,-23,-33,-32,-29,-30,-26,-25,-30,-28,-26,-20,-25,-30,-33,-32,-23,-26,-32,-31,-26,-22,-35,-28,-33,-28,-32,-29,-22,-30,-30,-31,-28,-23,-28,-29,-26,-31,-32,-30,-32,-29,-28,-27,-31,-29,-38,-32,-29,-27,-28,-27,-26,-26
-42,-34,-27,-26,-43,-38,-36,-37,-30,-33,-32,-35,-24,-29,-30,-28,-27,-33,-35,-24,-33,-35,-36,-23,-34,-25,-35,-37,-37,-35,-26,-28,-39,-33,-28,-25,-33,-31,-38,-36,-24,-25,-34,-29,-32,-20,-38,-29,-37,-35,-34,-38,-22,-34,-32,-34,-33,-30,-30,-26,-30,-34,-38,-38,-36,-32,-33,-33,-36,-32,-39,-42,-32,-29,-34,-27,-29,-29
-40,-26,-29,-25,-38,-36,-31,-31,-24,-30,-30,-36,-25,-31,-31,-27,-25,-32,-31,-26,-29,-29,-31,-32,-30,-24,-31,-32,-32,-30,-29,-26,-31,-27,-26,-18,-26,-29,-32,-31,-26,-26,-33,-32,-25,-23,-36,-27,-33,-28,-34,-32,-24,-30,-29,-30,-29,-21,-27,-29,-26,-30,-33,-32,-32,-30,-28,-30,-31,-28,-41,-33,-32,-28,-28,-29,-29,-27
-36,-27,-26,-19,-35,-33,-31,-32,-26,-27,-28,-33,-23,-26,-22,-24,-23,-31,-29,-20,-25,-28,-32,-23,-29,-24,-28,-33,-29,-29,-21,-25,-30,-25,-24,-23,-24,-27,-32,-29,-21,-21,-30,-27,-27,-17,-33,-24,-35,-29,-32,-31,-18,-26,-27,-33,-27,-21,-26,-24,-22,-27,-32,-34,-32,-28,-26,-28,-30,-29,-34,-35,-29,-25,-27,-25,-25,-25
-37,-24,-26,-21,-32,-32,-28,-28,-22,-29,-30,-32,-26,-28,-31,-24,-24,-28,-27,-24,-27,-28,-32,-25,-27,-25,-30,-29,-26,-30,-26,-24,-28,-25,-25,-20,-23,-29,-29,-29,-22,-24,-31,-29,-25,-20,-31,-25,-30,-27,-31,-27,-23,-27,-28,-31,-22,-20,-26,-27,-25,-29,-29,-34,-31,-25,-24,-27,-29,-28,-36,-30,-28,-24,-26,-26,-26,-23
-39,-30,-29,-27,-34,-35,-31,-33,-26,-31,-31,-37,-26,-33,-32,-28,-29,-35,-31,-27,-29,-32,-33,-30,-31,-27,-34,-32,-31,-32,-29,-27,-30,-29,-28,-18,-26,-31,-34,-34,-27,-27,-36,-32,-29,-22,-35,-30,-35,-27,-34,-31,-22,-34,-33,-33,-25,-27,-30,-29,-27,-33,-32,-36,-37,-32,-27,-30,-32,-32,-41,-31,-31,-27,-29,-29,-28,-27
-45,-38,-28,-29,-42,-42,-37,-40,-34,-34,-38,-43,-34,-37,-37,-35,-35,-41,-39,-32,-36,-39,-40,-32,-38,-33,-39,-40,-38,-40,-33,-33,-36,-37,-33,-30,-32,-35,-40,-39,-35,-29,-42,-35,-35,-29,-42,-34,-42,-35,-42,-40,-32,-38,-41,-39,-34,-30,-35,-40,-33,-38,-38,-46,-40,-39,-36,-37,-40,-38,-44,-40,-37,-34,-37,-39,-33,-34
-36,-26,-26,-20,-34,-33,-28,-30,-21,-29,-28,-33,-24,-27,-27,-24,-24,-30,-27,-24,-24,-26,-30,-25,-27,-22,-31,-29,-28,-27,-26,-23,-29,-26,-23,-17,-22,-30,-30,-30,-22,-24,-30,-30,-24,-21,-34,-26,-30,-27,-30,-28,-22,-27,-29,-28,-24,-20,-24,-27,-24,-29,-30,-31,-28,-26,-24,-26,-29,-27,-37,-29,-27,-26,-25,-27,-27,-25
-34,-24,-21,-18,-34,-30,-26,-27,-19,-26,-24,-36,-23,-24,-25,-20,-20,-31,-28,-20,-25,-25,-28,-19,-25,-22,-28,-27,-32,-27,-21,-21,-25,-22,-21,-16,-23,-28,-28,-27,-18,-22,-29,-24,-22,-18,-33,-23,-29,-24,-35,-29,-19,-25,-28,-26,-24,-20,-22,-26,-21,-26,-28,-30,-27,-24,-22,-26,-28,-24,-35,-29,-26,-24,-24,-25,-24,-21
-33,-19,-19,-15,-30,-28,-23,-24,-16,-22,-22,-30,-17,-22,-19,-18,-16,-25,-23,-15,-20,-22,-26,-23,-22,-17,-24,-25,-25,-23,-20,-18,-24,-17,-18,-15,-20,-25,-24,-24,-16,-18,-24,-22,-18,-13,-30,-18,-26,-21,-27,-23,-18,-22,-23,-24,-17,-13,-19,-21,-19,-23,-26,-26,-24,-22,-18,-21,-24,-21,-32,-27,-23,-19,-21,-21,-20,-19
-23,-11,-13,-9,-23,-23,-16,-16,-8,-15,-13,-22,-10,-14,-14,-9,-8,-18,-14,-4,-12,-14,-18,-10,-13,-10,-17,-19,-15,-16,-9,-10,-15,-9,-6,-7,-9,-16,-14,-14,-5,-9,-18,-13,-9,-4,-22,-9,-18,-12,-20,-19,-6,-13,-14,-20,-10,-2,-9,-13,-10,-14,-18,-19,-18,-15,-9,-14,-14,-13,-26,-22,-16,-12,-14,-13,-13,-13
-38,-25,-27,-22,-32,-32,-29,-31,-22,-33,-36,-38,-31,-35,-34,-25,-28,-34,-30,-28,-29,-31,-34,-31,-29,-32,-35,-30,-31,-33,-28,-27,-26,-29,-27,-18,-26,-34,-31,-33,-28,-29,-32,-33,-26,-25,-33,-28,-32,-29,-39,-32,-27,-32,-31,-29,-21,-22,-29,-30,-24,-31,-30,-36,-33,-33,-25,-29,-33,-31,-37,-27,-31,-27,-27,-31,-27,-28
-37,-28,-27,-24,-33,-34,-31,-32,-25,-30,-31,-33,-27,-33,-33,-26,-27,-31,-30,-25,-27,-31,-32,-28,-30,-25,-32,-31,-27,-31,-28,-26,-28,-30,-26,-13,-23,-29,-35,-30,-25,-24,-33,-31,-27,-22,-34,-28,-32,-30,-35,-31,-24,-31,-30,-30,-24,-23,-30,-30,-27,-31,-31,-38,-34,-32,-28,-29,-30,-32,-42,-30,-30,-28,-29,-28,-27,-26
-42,-40,-26,-30,-43,-42,-40,-44,-37,-36,-38,-39,-35,-38,-40,-34,-36,-37,-37,-36,-36,-39,-41,-32,-38,-33,-39,-41,-35,-39,-34,-34,-36,-38,-36,-31,-33,-31,-46,-42,-34,-32,-40,-39,-38,-29,-44,-37,-42,-39,-40,-39,-33,-38,-37,-39,-33,-30,-37,-38,-33,-39,-39,-47,-41,-39,-37,-37,-38,-38,-46,-41,-38,-35,-37,-38,-35,-35
-36,-23,-21,-18,-33,-32,-27,-26,-20,-26,-26,-28,-22,-27,-25,-21,-22,-25,-24,-21,-24,-24,-28,-25,-24,-22,-28,-28,-23,-27,-26,-22,-23,-23,-22,-17,-22,-28,-27,-26,-19,-22,-27,-29,-21,-19,-34,-23,-29,-23,-30,-27,-21,-24,-25,-26,-21,-21,-22,-23,-21,-27,-28,-28,-27,-26,-22,-23,-26,-25,-33,-28,-26,-23,-24,-24,-24,-23
-31,-21,-20,-14,-30,-28,-25,-25,-18,-23,-22,-26,-18,-23,-23,-19,-18,-23,-21,-18,-21,-22,-24,-18,-22,-20,-26,-24,-22,-24,-20,-20,-23,-20,-19,-12,-16,-24,-25,-24,-18,-17,-20,-22,-18,-16,-31,-20,-25,-21,-28,-25,-16,-21,-20,-23,-19,-15,-20,-22,-19,-25,-25,-26,-24,-25,-20,-21,-23,-21,-31,-27,-25,-21,-21,-22,-22,-20
-33,-21,-20,-15,-31,-31,-24,-24,-18,-22,-22,-28,-19,-24,-23,-21,-17,-24,-21,-17,-22,-23,-27,-26,-22,-17,-26,-26,-22,-24,-21,-18,-22,-19,-19,-17,-22,-24,-26,-24,-15,-17,-23,-23,-20,-14,-31,-20,-27,-21,-31,-23,-15,-23,-22,-25,-20,-15,-19,-22,-21,-24,-25,-29,-26,-24,-20,-23,-24,-22,-31,-29,-24,-21,-23,-21,-22,-21
-29,-19,-18,-13,-29,-25,-22,-23,-16,-20,-19,-24,-17,-20,-20,-17,-15,-20,-19,-13,-19,-20,-23,-17,-19,-17,-22,-24,-19,-23,-19,-17,-19,-17,-15,-13,-16,-21,-22,-22,-14,-15,-20,-19,-15,-12,-27,-17,-25,-19,-23,-24,-14,-19,-20,-23,-18,-16,-16,-20,-16,-22,-24,-25,-23,-21,-15,-21,-21,-18,-28,-26,-22,-19,-18,-19,-19,-18
-32,-18,-21,-15,-29,-27,-23,-22,-16,-24,-24,-25,-19,-23,-23,-19,-18,-22,-20,-16,-19,-20,-25,-20,-21,-19,-25,-23,-19,-23,-20,-18,-20,-19,-17,-11,-15,-20,-26,-22,-17,-17,-23,-20,-18,-16,-25,-19,-25,-21,-26,-23,-19,-22,-21,-22,-17,-12,-20,-21,-17,-22,-24,-28,-24,-23,-18,-21,-24,-24,-30,-24,-23,-19,-21,-20,-20,-20
-33,-24,-24,-21,-31,-31,-26,-28,-22,-23,-25,-28,-19,-27,-27,-22,-21,-26,-24,-20,-23,-26,-26,-23,-25,-22,-26,-29,-20,-27,-25,-20,-25,-22,-21,-10,-18,-23,-32,-26,-20,-16,-28,-22,-24,-16,-30,-23,-29,-26,-29,-28,-20,-26,-24,-26,-19,-21,-25,-27,-21,-27,-27,-34,-30,-25,-22,-25,-24,-26,-37,-28,-25,-23,-24,-23,-23,-22
-35,-26,-15,-23,-33,-32,-27,-28,-24,-26,-29,-30,-26,-30,-33,-26,-24,-28,-25,-22,-22,-27,-29,-25,-27,-24,-30,-30,-23,-29,-26,-24,-26,-26,-21,-17,-19,-24,-33,-26,-22,-18,-28,-24,-23,-23,-34,-25,-31,-26,-30,-29,-22,-26,-27,-31,-21,-19,-26,-30,-25,-26,-28,-37,-32,-30,-23,-25,-26,-27,-38,-31,-30,-25,-28,-31,-25,-27
-32,-16,-23,-17,-29,-28,-19,-20,-15,-23,-22,-23,-19,-26,-23,-18,-16,-18,-17,-17,-17,-17,-22,-21,-19,-21,-22,-21,-16,-19,-22,-22,-16,-18,-15,-10,-13,-23,-21,-20,-13,-16,-22,-23,-16,-16,-28,-18,-22,-18,-22,-21,-18,-21,-18,-19,-16,-11,-18,-20,-20,-21,-22,-24,-19,-24,-17,-17,-20,-19,-29,-22,-23,-20,-19,-20,-20,-20
-30,-16,-19,-14,-27,-24,-17,-18,-11,-18,-18,-23,-15,-20,-17,-13,-12,-19,-15,-13,-15,-15,-20,-13,-17,-15,-19,-18,-19,-17,-16,-16,-15,-14,-13,-7,-10,-18,-19,-18,-14,-12,-19,-16,-12,-13,-24,-15,-20,-15,-23,-19,-11,-14,-18,-19,-14,-9,-14,-17,-16,-18,-19,-22,-19,-18,-12,-16,-18,-15,-26,-21,-19,-16,-16,-18,-17,-17
-25,-11,-13,-9,-23,-23,-17,-16,-7,-14,-14,-20,-12,-18,-18,-13,-9,-16,-12,-8,-12,-14,-17,-19,-15,-13,-21,-18,-16,-15,-14,-13,-14,-10,-10,-6,-9,-15,-17,-15,-9,-9,-16,-12,-10,-9,-22,-12,-20,-10,-22,-16,-9,-14,-16,-18,-15,-6,-11,-17,-14,-16,-17,-21,-16,-16,-11,-14,-18,-14,-25,-19,-18,-13,-15,-15,-13,-14
-24,-12,-13,-10,-22,-22,-16,-17,-8,-16,-14,-20,-14,-18,-16,-12,-11,-16,-12,-8,-11,-14,-18,-15,-13,-14,-18,-18,-13,-15,-13,-13,-12,-11,-9,-4,-9,-14,-16,-15,-8,-9,-17,-14,-9,-7,-21,-12,-19,-12,-21,-16,-11,-14,-15,-19,-14,-9,-12,-17,-12,-15,-18,-20,-14,-17,-9,-13,-15,-13,-23,-19,-18,-14,-13,-16,-14,-14
-29,-14,-15,-13,-25,-23,-18,-18,-10,-19,-20,-23,-17,-21,-19,-12,-14,-18,-16,-14,-17,-15,-22,-18,-17,-17,-21,-19,-18,-18,-16,-15,-15,-16,-14,-3,-8,-14,-21,-16,-15,-14,-21,-18,-14,-11,-21,-15,-20,-15,-22,-20,-14,-17,-17,-20,-13,-6,-15,-19,-14,-16,-19,-24,-18,-19,-13,-16,-18,-18,-26,-19,-19,-15,-16,-17,-16,-16
-30,-21,-18,-18,-28,-31,-24,-26,-17,-21,-22,-25,-20,-26,-24,-18,-18,-22,-20,-19,-20,-22,-25,-23,-23,-16,-25,-25,-18,-24,-23,-19,-20,-20,-19,-6,-14,-19,-29,-23,-18,-17,-27,-23,-21,-16,-26,-21,-27,-21,-26,-25,-19,-23,-23,-25,-22,-16,-22,-24,-18,-22,-24,-33,-26,-22,-19,-21,-21,-23,-35,-24,-23,-20,-21,-21,-19,-19
-26,-23,-22,-20,-26,-26,-25,-27,-19,-22,-25,-25,-23,-26,-27,-27,-22,-22,-18,-20,-17,-25,-23,-20,-22,-20,-25,-27,-20,-24,-20,-24,-26,-23,-20,-22,-18,-20,-30,-24,-20,-18,-24,-21,-21,-14,-30,-23,-26,-22,-26,-24,-20,-22,-21,-25,-16,-17,-24,-27,-24,-24,-23,-33,-29,-25,-20,-20,-20,-24,-34,-28,-29,-22,-27,-26,-26,-24
-29,-20,-26,-21,-27,-30,-22,-23,-15,-24,-24,-25,-22,-27,-27,-22,-19,-23,-15,-18,-18,-22,-25,-29,-21,-22,-30,-26,-21,-23,-23,-21,-22,-20,-19,-17,-20,-26,-24,-24,-18,-20,-23,-17,-19,-14,-31,-22,-25,-22,-29,-24,-19,-23,-22,-25,-21,-13,-20,-28,-24,-25,-24,-28,-25,-24,-17,-18,-21,-21,-30,-23,-27,-24,-24,-25,-23,-25
-22,-11,-15,-8,-21,-18,-13,-13,-5,-13,-12,-12,-11,-12,-12,-9,-5,-11,-7,-7,-9,-11,-14,-6,-10,-10,-15,-15,-12,-12,-13,-11,-12,-8,-6,-5,-7,-15,-15,-10,-8,-6,-10,-10,-7,-6,-20,-8,-15,-9,-15,-14,-6,-13,-10,-13,-12,-3,-8,-13,-11,-12,-14,-18,-15,-15,-7,-9,-11,-10,-21,-19,-17,-11,-13,-13,-14,-12
-23,-11,-16,-9,-22,-20,-15,-17,-8,-13,-11,-16,-11,-14,-14,-11,-6,-13,-10,-10,-11,-12,-16,-16,-13,-10,-17,-17,-13,-14,-13,-10,-14,-9,-9,-8,-8,-16,-16,-16,-7,-7,-16,-12,-10,-7,-21,-10,-17,-13,-20,-15,-10,-14,-13,-15,-14,-5,-9,-14,-13,-16,-16,-20,-17,-14,-9,-12,-15,-12,-24,-20,-16,-12,-14,-14,-13,-12
-21,-10,-13,-3,-19,-18,-13,-15,-5,-11,-10,-14,-8,-10,-13,-7,-6,-11,-7,-5,-10,-11,-13,-12,-10,-9,-16,-16,-10,-13,-9,-7,-10,-8,-7,-4,-8,-10,-13,-11,-8,-5,-12,-9,-8,0,-19,-8,-16,-10,-15,-14,-8,-9,-11,-16,-11,-6,-6,-12,-10,-11,-15,-16,-15,-13,-6,-10,-13,-10,-20,-18,-14,-10,-10,-12,-11,-9
-21,-8,-10,-2,-19,-16,-14,-15,-5,-12,-11,-16,-9,-11,-11,-8,-7,-12,-9,-6,-10,-12,-15,-13,-11,-10,-17,-14,-11,-14,-11,-7,-10,-9,-8,-2,-8,-9,-15,-12,-8,-8,-15,-8,-10,-2,-17,-9,-14,-12,-18,-14,-9,-10,-11,-13,-10,-5,-9,-13,-9,-13,-15,-20,-16,-12,-6,-11,-13,-12,-20,-16,-13,-9,-11,-11,-10,-9
-24,-16,-16,-7,-19,-22,-17,-23,-10,-12,-15,-19,-11,-14,-17,-13,-10,-17,-11,-11,-12,-16,-17,-17,-15,-9,-18,-20,-12,-17,-15,-9,-16,-15,-12,-2,-10,-13,-21,-16,-12,-10,-17,-12,-14,-5,-22,-14,-19,-17,-20,-18,-9,-17,-16,-19,-13,-11,-15,-19,-13,-17,-19,-26,-22,-16,-11,-14,-15,-17,-26,-20,-17,-14,-17,-16,-13,-13
-24,-17,-7,-5,-23,-23,-21,-23,-14,-16,-18,-19,-15,-14,-20,-18,-14,-19,-12,-10,-12,-20,-20,-16,-18,-16,-20,-23,-13,-20,-16,-14,-19,-17,-13,-13,-13,-14,-24,-17,-12,-9,-20,-9,-16,-5,-24,-17,-22,-16,-23,-20,-12,-17,-18,-24,-15,-12,-17,-22,-15,-19,-20,-31,-24,-19,-16,-15,-18,-19,-28,-25,-21,-17,-20,-21,-16,-16
-22,-11,-10,-4,-21,-20,-14,-17,-8,-14,-11,-13,-10,-11,-13,-11,-9,-12,-8,-7,-11,-12,-15,-13,-12,-10,-17,-16,-9,-13,-13,-8,-12,-11,-8,-3,-7,-16,-13,-12,-5,-7,-14,-10,-9,-4,-21,-10,-16,-9,-15,-14,-11,-11,-11,-13,-12,-5,-9,-15,-12,-14,-15,-17,-12,-13,-8,-8,-13,-11,-21,-16,-15,-12,-12,-14,-12,-11
-22,-14,-11,-6,-21,-18,-15,-17,-8,-14,-12,-16,-12,-13,-15,-10,-7,-14,-7,-7,-11,-13,-16,-7,-13,-12,-18,-16,-12,-14,-11,-9,-14,-11,-8,-5,-9,-16,-17,-13,-9,-9,-13,-8,-10,-9,-20,-10,-17,-13,-18,-16,-7,-14,-13,-15,-14,-5,-10,-15,-9,-14,-15,-19,-16,-13,-8,-11,-14,-13,-21,-18,-16,-12,-14,-16,-13,-11
-30,-15,-21,-12,-26,-28,-19,-22,-13,-19,-20,-22,-17,-19,-17,-18,-16,-19,-17,-17,-14,-14,-22,-22,-19,-15,-24,-21,-17,-17,-18,-15,-23,-18,-16,-12,-12,-22,-20,-18,-11,-12,-24,-21,-16,-12,-27,-19,-23,-15,-26,-20,-18,-20,-19,-20,-20,-10,-17,-17,-21,-16,-20,-25,-14,-20,-17,-16,-19,-20,-28,-23,-22,-19,-22,-18,-19,-19
-22,-14,-18,-8,-25,-21,-18,-22,-12,-16,-14,-19,-13,-16,-18,-11,-12,-14,-12,-9,-14,-14,-17,-15,-14,-11,-18,-19,-12,-17,-14,-13,-15,-12,-12,-9,-13,-17,-18,-16,-11,-9,-17,-15,-12,-8,-22,-12,-19,-15,-18,-18,-10,-14,-13,-17,-17,-12,-13,-15,-14,-15,-19,-21,-13,-18,-11,-13,-15,-15,-25,-21,-18,-15,-15,-16,-16,-14
-24,-14,-19,-9,-23,-19,-18,-21,-14,-18,-17,-20,-15,-18,-16,-13,-16,-17,-14,-14,-13,-16,-19,-15,-15,-12,-20,-19,-14,-18,-15,-13,-17,-15,-14,-11,-13,-18,-20,-20,-14,-13,-20,-17,-14,-10,-22,-16,-18,-19,-20,-18,-16,-16,-14,-14,-15,-13,-16,-17,-14,-19,-18,-21,-18,-16,-12,-14,-18,-17,-26,-20,-19,-15,-16,-15,-17,-16
-29,-21,-23,-14,-29,-27,-25,-29,-21,-19,-19,-24,-17,-19,-19,-19,-18,-22,-20,-19,-17,-23,-23,-23,-21,-15,-24,-26,-15,-22,-20,-16,-24,-21,-19,-11,-16,-22,-29,-25,-19,-13,-24,-20,-22,-13,-27,-20,-26,-25,-25,-22,-20,-20,-22,-20,-21,-18,-22,-21,-22,-24,-24,-29,-24,-23,-20,-20,-21,-22,-33,-27,-22,-18,-22,-20,-19,-19
-26,-24,-11,-14,-28,-23,-24,-29,-21,-22,-21,-24,-21,-20,-22,-21,-21,-21,-19,-18,-16,-24,-22,-19,-22,-21,-25,-26,-15,-25,-20,-18,-24,-23,-22,-19,-19,-28,-28,-27,-21,-14,-21,-21,-21,-16,-29,-23,-25,-28,-25,-22,-23,-20,-20,-22,-18,-18,-25,-27,-23,-24,-22,-32,-25,-25,-20,-20,-20,-23,-33,-27,-26,-23,-26,-26,-23,-22
-25,-15,-17,-10,-24,-22,-18,-20,-13,-18,-15,-19,-14,-17,-15,-13,-15,-16,-13,-12,-13,-16,-19,-17,-15,-9,-18,-19,-12,-17,-15,-14,-15,-15,-14,-7,-12,-20,-18,-18,-9,-13,-17,-16,-13,-10,-23,-16,-19,-14,-19,-20,-14,-13,-15,-14,-17,-11,-13,-18,-16,-18,-18,-20,-12,-16,-12,-12,-17,-15,-24,-19,-19,-16,-16,-16,-16,-16
-23,-17,-14,-9,-24,-19,-18,-19,-11,-17,-13,-19,-12,-14,-15,-13,-12,-14,-13,-10,-12,-15,-18,-11,-16,-12,-18,-17,-15,-16,-13,-13,-17,-12,-11,-8,-9,-18,-18,-16,-11,-11,-14,-13,-13,-12,-24,-14,-18,-15,-20,-18,-11,-14,-14,-14,-17,-9,-13,-16,-14,-16,-18,-21,-16,-17,-11,-14,-17,-15,-24,-20,-18,-15,-17,-17,-16,-15
-27,-16,-19,-11,-28,-25,-20,-25,-16,-15,-13,-22,-13,-19,-16,-14,-12,-19,-16,-15,-14,-19,-19,-19,-18,-12,-20,-22,-14,-19,-17,-14,-19,-13,-16,-13,-18,-22,-20,-19,-11,-9,-18,-17,-15,-11,-26,-15,-21,-18,-23,-20,-14,-15,-17,-16,-19,-16,-14,-15,-19,-19,-20,-23,-19,-15,-12,-17,-19,-15,-25,-25,-19,-15,-17,-17,-17,-15
-26,-16,-21,-9,-23,-23,-18,-22,-12,-18,-17,-20,-13,-13,-16,-15,-15,-16,-13,-14,-12,-14,-19,-14,-16,-16,-20,-18,-12,-16,-15,-15,-22,-16,-13,-9,-10,-17,-19,-19,-14,-12,-17,-18,-15,-10,-25,-16,-20,-17,-19,-21,-17,-15,-15,-17,-16,-9,-15,-18,-17,-15,-18,-23,-14,-19,-12,-14,-18,-16,-22,-21,-18,-18,-16,-18,-17,-15
-28,-13,-17,-10,-25,-23,-17,-19,-12,-17,-17,-23,-16,-16,-18,-13,-14,-19,-17,-17,-16,-14,-19,-13,-17,-15,-19,-17,-16,-16,-18,-14,-18,-13,-13,-7,-10,-16,-19,-14,-16,-15,-19,-20,-13,-11,-20,-13,-19,-17,-24,-21,-20,-15,-18,-16,-15,-10,-15,-18,-13,-15,-18,-25,-14,-13,-13,-17,-20,-19,-25,-19,-17,-18,-16,-17,-20,-13
-23,-14,-19,-14,-18,-23,-17,-18,-12,-14,-16,-21,-12,-15,-18,-14,-11,-18,-17,-10,-12,-15,-17,-19,-16,-10,-20,-17,-11,-17,-16,-12,-18,-14,-11,-2,-8,-14,-21,-14,-13,-8,-20,-14,-13,-12,-22,-14,-19,-16,-22,-17,-12,-16,-18,-17,-13,-11,-16,-19,-15,-14,-17,-25,-20,-16,-14,-16,-16,-18,-26,-18,-18,-15,-17,-17,-14,-14
-28,-17,-10,-10,-23,-26,-19,-20,-14,-18,-20,-25,-17,-15,-22,-20,-17,-18,-17,-10,-13,-17,-20,-15,-20,-18,-22,-19,-15,-19,-16,-16,-21,-16,-13,-11,-12,-17,-24,-17,-16,-8,-22,-10,-15,-12,-25,-18,-22,-19,-23,-22,-19,-21,-16,-22,-14,-9,-20,-24,-18,-17,-20,-32,-20,-17,-13,-18,-19,-21,-24,-23,-22,-18,-22,-24,-17,-19
-21,-11,-10,-5,-18,-20,-14,-16,-9,-13,-12,-18,-11,-12,-15,-11,-11,-12,-10,-11,-10,-11,-16,-12,-12,-8,-13,-15,-8,-12,-12,-11,-16,-11,-9,-5,-9,-12,-12,-12,-7,-8,-13,-13,-10,-9,-22,-12,-17,-12,-15,-14,-14,-12,-14,-11,-10,-7,-11,-12,-13,-12,-17,-19,-13,-12,-8,-10,-14,-13,-19,-16,-16,-12,-12,-14,-12,-12
-21,-14,-11,-5,-19,-19,-11,-17,-8,-13,-10,-17,-8,-10,-11,-10,-8,-11,-8,-6,-8,-10,-17,-9,-12,-10,-17,-13,-10,-12,-9,-11,-19,-12,-7,-2,-7,-13,-14,-12,-7,-5,-12,-9,-10,-7,-20,-9,-15,-12,-18,-12,-8,-13,-13,-11,-10,-4,-12,-9,-14,-10,-14,-20,-15,-11,-11,-10,-14,-15,-15,-16,-17,-10,-16,-12,-11,-10
-25,-11,-10,-7,-20,-25,-14,-19,-11,-13,-10,-19,-6,-11,-11,-14,-10,-12,-10,-7,-10,-10,-17,-14,-12,-6,-14,-17,-8,-13,-8,-10,-21,-12,-8,-5,-8,-10,-13,-12,-5,-5,-16,-9,-11,-5,-23,-12,-17,-15,-20,-12,-8,-12,-14,-14,-11,-4,-12,-8,-13,-13,-15,-22,-12,-13,-10,-11,-15,-13,-18,-20,-15,-10,-15,-12,-11,-11
-28,-12,-14,-12,-18,-23,-15,-16,-12,-18,-16,-18,-8,-10,-13,-13,-15,-17,-13,-12,-9,-10,-21,-17,-14,-9,-18,-16,-9,-11,-12,-14,-19,-13,-12,-4,-6,-8,-14,-13,-12,-11,-18,-15,-11,-5,-23,-15,-21,-14,-20,-16,-10,-16,-18,-17,-16,-6,-15,-9,-17,-10,-17,-22,-9,-18,-13,-10,-19,-17,-21,-19,-18,-18,-15,-12,-16,-17
-18,-7,-12,-6,-17,-15,-13,-14,-8,-12,-9,-16,-7,-10,-10,-7,-8,-9,-10,-8,-9,-7,-14,-9,-10,-2,-13,-11,-8,-11,-7,-10,-14,-9,-6,-3,-4,-4,-12,-9,-6,-7,-11,-11,-9,-4,-15,-8,-13,-11,-15,-12,-9,-9,-10,-8,-8,-3,-9,-6,-9,-8,-13,-14,-8,-9,-7,-10,-13,-12,-16,-14,-14,-8,-9,-8,-10,-9
-18,-10,-7,0,-14,-17,-11,-13,-7,-4,-4,-12,-1,-5,-5,-7,-3,-9,-8,-2,-5,-7,-11,-7,-9,4,-7,-11,-3,-9,-7,-3,-17,-9,-3,4,-1,-3,-15,-7,-4,-3,-11,-1,-9,3,-15,-7,-13,-12,-15,-10,-1,-8,-9,-11,-5,-2,-7,-8,-7,-7,-12,-19,-12,-8,-6,-8,-9,-11,-16,-15,-10,-6,-10,-6,-7,-5
-21,-17,-6,-8,-24,-22,-18,-19,-14,-12,-12,-16,-9,-13,-12,-15,-11,-15,-12,-8,-14,-15,-16,-7,-16,-8,-13,-19,-9,-18,-10,-11,-20,-15,-10,-10,-9,-11,-22,-14,-8,-3,-13,-11,-13,-5,-21,-12,-19,-15,-21,-18,-9,-15,-12,-19,-12,-9,-14,-16,-12,-14,-18,-25,-21,-15,-11,-15,-15,-16,-23,-22,-17,-12,-18,-20,-14,-12
-19,-11,-12,-9,-18,-19,-12,-14,-8,-15,-11,-16,-11,-16,-13,-11,-9,-12,-9,-9,-11,-10,-15,-14,-12,-8,-12,-13,-9,-11,-10,-12,-14,-11,-7,0,-7,-11,-12,-12,-7,-7,-13,-13,-9,-9,-18,-10,-15,-8,-15,-13,-11,-13,-13,-12,-9,-6,-11,-13,-14,-12,-14,-15,-9,-14,-10,-9,-13,-12,-17,-13,-15,-12,-12,-14,-12,-14
-16,-9,-6,-3,-14,-12,-9,-11,-5,-8,-6,-12,-5,-9,-7,-6,-2,-7,-6,-1,-8,-7,-10,-5,-9,-5,-9,-10,-9,-9,-5,-7,-13,-7,0,1,-3,-9,-10,-6,-2,-2,-6,-4,-5,-4,-14,-5,-11,-8,-14,-11,-4,-8,-9,-8,-7,0,-7,-7,-10,-9,-11,-12,-9,-7,-4,-7,-10,-9,-11,-13,-11,-7,-9,-11,-8,-8
-15,-7,-5,2,-8,-13,-7,-10,-4,-5,-3,-9,-2,-5,-6,-6,0,-5,1,1,-1,-5,-9,-12,-6,-1,-10,-10,-5,-5,-6,-2,-11,-3,0,1,-3,-3,-6,-6,-1,-1,-3,1,-5,2,-13,-3,-9,-5,-15,-6,3,-6,-8,-7,-6,2,-5,-4,-10,-7,-9,-11,-7,-5,-3,-3,-9,-7,-14,-12,-9,-4,-8,-7,-5,-6
-9,-3,-3,5,-4,-10,-6,-10,-2,-5,-2,-11,0,0,-5,-1,1,-3,5,5,1,-3,-8,-4,-3,3,-10,-9,-3,-3,-2,-2,-10,-3,2,4,-3,2,-7,-2,-2,1,-1,0,-3,4,-11,-2,-8,-5,-12,-7,5,-3,-5,-7,-3,3,-2,-3,-4,-4,-8,-9,-5,-5,0,-2,-6,-6,-12,-11,-7,-5,-5,-6,-5,-4
-15,-4,-7,-3,-13,-13,-7,-11,-3,-9,-8,-15,-6,-8,-9,-5,-5,-7,-6,-7,-5,-5,-11,-7,-7,-3,-8,-10,-6,-7,-6,-8,-12,-6,-4,3,-3,0,-7,-7,-6,-3,-8,-8,-5,-2,-12,-6,-8,-7,-15,-8,-6,-7,-7,-6,-3,1,-5,-7,-4,-6,-9,-12,-7,-9,-3,-6,-9,-9,-16,-11,-11,-7,-6,-7,-10,-7
-23,-16,-15,-9,-21,-23,-17,-20,-13,-14,-13,-16,-10,-13,-11,-13,-11,-13,-14,-11,-12,-11,-18,-15,-16,-7,-10,-16,-9,-14,-11,-13,-20,-14,-9,0,-12,-11,-18,-14,-10,-4,-18,-14,-15,-8,-17,-12,-19,-17,-18,-15,-13,-14,-14,-15,-11,-11,-14,-16,-13,-14,-18,-23,-15,-15,-11,-15,-16,-16,-20,-18,-17,-10,-14,-13,-13,-12
-26,-16,-16,-14,-23,-24,-20,-20,-17,-17,-16,-18,-14,-23,-17,-17,-15,-16,-15,-9,-13,-16,-19,-12,-18,-12,-15,-20,-9,-17,-12,-21,-22,-15,-11,-13,-10,-10,-20,-15,-11,-5,-19,-15,-16,-9,-21,-14,-21,-16,-22,-17,-12,-16,-14,-17,-12,-8,-16,-16,-14,-16,-19,-28,-18,-17,-12,-14,-19,-17,-24,-23,-21,-16,-18,-20,-18,-19
-22,-14,-14,-12,-21,-21,-12,-18,-11,-18,-11,-15,-11,-15,-12,-14,-12,-11,-9,-12,-12,-10,-16,-16,-13,-5,-13,-15,-8,-10,-12,-17,-18,-13,-10,-5,-9,-11,-15,-13,-8,-10,-15,-17,-12,-8,-21,-12,-16,-11,-14,-14,-13,-13,-12,-14,-10,-6,-12,-9,-14,-14,-15,-16,-11,-15,-11,-10,-14,-14,-21,-15,-19,-14,-13,-13,-15,-15
-18,-16,-7,-4,-25,-16,-12,-14,-9,-11,-9,-14,-8,-7,-4,-7,-6,-11,-12,-4,-15,-11,-13,-4,-14,-4,-11,-13,-13,-14,-6,-6,-18,-10,-4,-1,-11,-7,-13,-9,-5,-4,-12,-6,-9,-5,-16,-8,-14,-5,-17,-17,-3,-10,-10,-10,-12,-5,-9,-2,-8,-11,-16,-11,-10,-10,-7,-14,-13,-11,-13,-18,-11,-9,-10,-10,-10,-7
-21,-14,-11,-8,-16,-19,-13,-17,-10,-15,-11,-15,-11,-10,-12,-11,-9,-11,-11,-8,-7,-10,-14,-13,-11,-5,-12,-14,-10,-11,-7,-9,-26,-12,-8,-4,-7,-10,-15,-14,-6,-5,-14,-12,-12,-8,-18,-9,-15,-7,-15,-10,-8,-12,-12,-10,-7,-4,-10,-9,-12,-13,-16,-15,-11,-13,-10,-10,-14,-13,-17,-17,-14,-9,-13,-14,-11,-10
-21,-12,-11,-3,-17,-18,-11,-15,-11,-13,-9,-12,-6,-7,-9,-7,-7,-9,-8,-8,-7,-11,-13,-8,-10,-5,-9,-15,-7,-12,-10,-8,-24,-10,-5,-3,-8,-7,-15,-9,-7,-7,-11,-9,-9,-2,-16,-8,-14,-7,-12,-12,-6,-9,-9,-12,-7,-5,-9,-4,-10,-9,-14,-16,-6,-12,-7,-10,-11,-11,-17,-17,-11,-11,-9,-9,-10,-8
-21,-12,-14,-11,-17,-18,-12,-16,-9,-14,-13,-13,-8,-13,-8,-9,-8,-10,-10,-8,-10,-8,-15,-6,-10,-5,-10,-12,-7,-11,-8,-13,-24,-13,-6,-2,-5,-7,-16,-10,-7,-7,-15,-10,-12,-4,-16,-9,-15,-10,-16,-12,-9,-9,-12,-12,-6,-2,-10,-5,-10,-8,-14,-16,-8,-11,-8,-10,-13,-15,-16,-13,-14,-8,-11,-8,-10,-10
-23,-17,-14,-9,-23,-22,-18,-22,-14,-13,-14,-12,-9,-9,-10,-13,-11,-11,-12,-7,-15,-13,-14,-9,-15,-5,-9,-16,-9,-16,-12,-12,-30,-17,-4,-2,-11,-10,-21,-12,-9,-8,-18,-6,-15,-2,-19,-12,-17,-14,-18,-13,-8,-14,-13,-17,-9,-11,-15,-11,-13,-13,-19,-21,-14,-16,-10,-16,-14,-16,-21,-19,-17,-12,-14,-13,-12,-13
-24,-22,-13,-7,-22,-22,-17,-22,-16,-17,-18,-6,-16,-10,-13,-17,-12,-11,-13,-4,-14,-17,-18,-13,-18,-12,-14,-19,-7,-18,-13,-17,-30,-19,-2,-10,-10,-12,-22,-13,-11,-12,-18,-3,-15,-6,-20,-14,-20,-13,-20,-15,-15,-13,-11,-20,-11,-10,-15,-17,-15,-15,-21,-26,-15,-20,-13,-16,-18,-18,-22,-20,-22,-17,-19,-22,-17,-18
-19,-15,-11,-2,-19,-18,-13,-17,-11,-14,-10,6,-8,-2,-10,-10,-7,-1,-4,-1,-8,-11,-12,-10,-11,-5,-8,-14,-1,-10,-10,-9,-22,-12,0,-2,-8,-11,-15,-7,-5,-7,-11,-1,-11,2,-19,-10,-14,-9,-10,-13,-9,-8,-8,-10,-10,-5,-10,-6,-12,-11,-16,-14,-8,-12,-9,-9,-12,-11,-13,-15,-14,-10,-11,-12,-10,-11
-19,-18,-12,-5,-16,-18,-15,-18,-11,-13,-12,7,-7,2,-5,-13,-9,-2,-2,-1,-8,-11,-12,-7,-11,-4,-8,-15,0,-10,-10,-9,-28,-14,-1,-2,-8,-6,-16,-9,-6,-8,-11,1,-13,1,-23,-13,-14,-13,-12,-9,-3,-11,-6,-12,-7,-5,-13,-5,-12,-11,-15,-16,-11,-15,-11,-10,-11,-14,-14,-18,-16,-12,-15,-11,-13,-13
-21,-17,-11,-7,-20,-21,-16,-21,-12,-12,-11,3,-9,-2,-10,-13,-9,-4,-7,-2,-10,-13,-15,-13,-13,-4,-11,-16,-1,-13,-10,-10,-27,-14,-1,-7,-12,-10,-18,-8,-5,-7,-15,-1,-15,1,-20,-12,-17,-11,-14,-11,-8,-14,-9,-14,-10,-9,-13,-9,-14,-13,-18,-19,-12,-14,-14,-13,-14,-16,-16,-20,-15,-13,-16,-12,-13,-11
-16,-16,-11,-3,-18,-18,-13,-20,-12,-11,-9,5,-7,2,-7,-8,-8,-2,-4,-1,-9,-12,-13,-7,-10,-3,-12,-16,0,-10,-9,-8,-25,-12,-2,-5,-8,-5,-16,-9,-7,-7,-11,0,-14,6,-19,-10,-15,-13,-11,-11,-4,-9,-6,-13,-8,-4,-11,-3,-11,-10,-16,-14,-8,-12,-10,-10,-11,-13,-14,-18,-13,-13,-12,-10,-13,-9
-16,-13,-8,2,-16,-14,-11,-15,-8,-10,-10,6,-8,3,-8,-6,-7,0,-2,-2,-7,-9,-11,-2,-9,-3,-5,-12,2,-10,-10,-6,-20,-11,1,-1,-7,-9,-15,-5,-7,-6,-9,0,-12,2,-16,-10,-11,-9,-12,-8,-9,-7,-2,-9,-7,-4,-10,-6,-8,-9,-13,-14,-10,-13,-8,-9,-10,-12,-13,-14,-12,-10,-9,-11,-11,-8
-17,-18,-12,-2,-16,-18,-14,-19,-11,-11,-13,10,-8,3,-10,-12,-7,0,-4,2,-6,-12,-10,-9,-12,-4,-5,-15,7,-12,-12,-9,-26,-16,4,-1,-10,-9,-20,-6,-8,-6,-12,8,-14,4,-16,-12,-15,-13,-14,-8,-5,-8,-4,-15,-9,-9,-14,-10,-12,-11,-17,-20,-14,-16,-9,-11,-11,-14,-17,-18,-15,-13,-14,-12,-12,-12
-19,-20,-10,-1,-18,-19,-17,-19,-14,-11,-15,12,-12,2,-14,-14,-7,-3,-5,3,-9,-16,-12,-9,-15,-9,-6,-18,3,-15,-11,-10,-25,-17,3,-11,-10,-12,-21,-9,-6,-6,-12,10,-14,5,-16,-12,-17,-13,-18,-10,-8,-9,-3,-18,-13,-8,-14,-15,-14,-13,-20,-24,-16,-18,-8,-13,-14,-16,-17,-20,-19,-14,-17,-18,-15,-15
-19,-17,-11,-2,-15,-20,-13,-19,-9,-13,-10,14,-9,2,-8,-11,-8,2,-1,0,-5,-10,-13,-10,-10,-4,-9,-15,8,-9,-12,-10,-24,-17,1,-2,-7,-10,-17,-5,-6,-8,-11,1,-14,5,-20,-11,-15,-10,-11,-9,-7,-9,-3,-12,-7,-6,-11,-8,-13,-9,-15,-14,-8,-15,-11,-6,-10,-15,-14,-15,-15,-12,-14,-11,-11,-11
-17,-17,-9,-3,-19,-17,-14,-16,-10,-11,-10,12,-8,3,-9,-9,-4,0,-3,1,-9,-11,-11,-6,-12,-5,-8,-13,0,-11,-8,-8,-23,-14,1,-2,-11,-9,-16,-4,-6,-6,-7,4,-12,2,-19,-9,-14,-9,-13,-14,-5,-8,-7,-11,-10,-7,-11,-5,-9,-9,-16,-14,-13,-14,-9,-11,-13,-13,-15,-17,-13,-11,-12,-10,-11,-9
-20,-17,-18,-7,-19,-20,-16,-20,-11,-14,-10,8,-7,0,-8,-13,-8,-1,-4,-4,-9,-12,-12,-13,-13,-3,-8,-16,2,-12,-11,-10,-25,-17,-2,-7,-10,-11,-18,-8,-7,-8,-13,0,-15,2,-22,-12,-17,-10,-14,-13,-8,-12,-8,-12,-12,-6,-13,-5,-16,-12,-18,-17,-13,-15,-12,-10,-15,-14,-18,-19,-15,-12,-15,-11,-12,-12
-15,-13,-15,-3,-15,-15,-11,-17,-8,-12,-9,10,-5,3,-9,-9,-4,1,0,3,-6,-10,-11,-5,-9,-1,-8,-12,4,-9,-9,-8,-20,-15,2,-3,-6,-6,-14,-5,-5,-4,-9,2,-11,7,-19,-8,-13,-7,-11,-10,-3,-6,-4,-11,-10,-4,-8,-3,-9,-8,-15,-12,-10,-13,-7,-7,-10,-11,-14,-16,-11,-9,-9,-10,-9,-9
-17,-14,-14,-4,-16,-16,-11,-14,-6,-14,-13,9,-7,0,-10,-8,-5,1,0,0,-7,-9,-12,-7,-9,-6,-8,-12,3,-9,-9,-9,-18,-13,4,0,-6,-7,-15,-2,-8,-6,-8,4,-11,3,-16,-9,-11,-9,-13,-8,-8,-6,-2,-10,-9,-1,-10,-4,-10,-7,-14,-13,-8,-13,-8,-7,-10,-13,-15,-14,-13,-10,-10,-10,-10,-9
-20,-20,-21,-6,-15,-23,-17,-21,-13,-18,-16,12,-8,2,-10,-13,-9,1,-2,-1,-6,-11,-14,-11,-12,-5,-10,-16,9,-11,-13,-13,-27,-19,4,-2,-6,-10,-22,-6,-9,-7,-14,4,-16,4,-21,-14,-16,-14,-15,-7,-9,-12,-5,-17,-9,-7,-17,-10,-17,-12,-18,-21,-15,-18,-11,-10,-12,-17,-20,-19,-18,-14,-16,-13,-13,-15
-23,-20,-14,-4,-25,-22,-23,-22,-17,-15,-17,15,-12,2,-14,-15,-7,-3,-8,8,-15,-17,-15,-12,-19,-12,-6,-22,4,-18,-11,-13,-23,-17,5,-15,-15,-10,-23,-8,-5,-5,-13,9,-17,4,-19,-12,-20,-14,-19,-16,-11,-11,-6,-18,-16,-12,-14,-14,-15,-14,-24,-23,-20,-21,-11,-16,-17,-17,-20,-25,-19,-15,-18,-19,-14,-16
-18,-14,-13,-4,-14,-18,-11,-16,-10,-13,-10,23,-9,7,-7,-9,-6,7,3,1,-6,-10,-11,-10,-9,-2,-5,-13,10,-7,-11,-9,-19,-13,4,-5,-6,-9,-16,0,-4,-8,-7,5,-12,6,-21,-9,-13,-7,-6,-8,-8,-7,-2,-10,-9,-4,-11,-4,-12,-8,-16,-12,-9,-14,-10,-6,-9,-12,-14,-14,-14,-12,-12,-12,-11,-10
-19,-17,-14,-1,-18,-16,-13,-17,-10,-12,-12,22,-7,8,-9,-10,-4,5,2,3,-8,-11,-11,-6,-11,-4,-7,-13,9,-9,-10,-7,-21,-14,3,-7,-8,-9,-18,-3,-4,-8,-4,8,-14,4,-21,-10,-13,-12,-11,-8,-5,-9,-4,-11,-10,-5,-12,-4,-10,-9,-15,-13,-10,-14,-11,-9,-9,-12,-14,-17,-14,-12,-13,-12,-12,-9
-20,-14,-19,-7,-16,-19,-14,-18,-11,-13,-12,18,-9,0,-8,-10,-6,3,0,-2,-6,-10,-13,-13,-11,-5,-10,-14,9,-9,-9,-12,-22,-13,1,-8,-7,-10,-17,-5,-3,-7,-9,3,-14,3,-19,-9,-14,-9,-12,-9,-7,-11,-5,-12,-11,-2,-11,-6,-14,-10,-16,-15,-11,-14,-11,-8,-12,-15,-16,-18,-15,-12,-14,-12,-12,-10
-16,-15,-16,-3,-15,-19,-12,-17,-8,-12,-9,19,-9,5,-8,-6,-3,7,3,4,-4,-8,-10,-6,-7,-3,-5,-13,10,-7,-5,-9,-18,-11,5,-6,-5,-6,-16,0,-4,-4,-9,3,-11,5,-18,-6,-13,-9,-8,-9,-6,-5,-2,-12,-9,-4,-9,-3,-9,-4,-14,-12,-7,-13,-7,-6,-8,-9,-13,-17,-13,-10,-10,-11,-9,-10
-21,-15,-16,-6,-18,-19,-16,-19,-12,-16,-17,7,-10,-1,-13,-11,-8,0,-4,-5,-10,-12,-16,-9,-14,-7,-9,-16,4,-12,-12,-12,-20,-16,-1,-8,-11,-11,-19,-6,-12,-10,-13,2,-17,-1,-18,-12,-16,-14,-15,-13,-9,-11,-4,-14,-13,-5,-14,-9,-13,-11,-18,-16,-11,-16,-13,-11,-14,-17,-17,-18,-16,-13,-14,-13,-13,-13
-28,-23,-20,-10,-27,-26,-23,-25,-21,-15,-16,11,-11,1,-14,-16,-11,-3,-11,-4,-16,-17,-15,-12,-19,-7,-10,-21,5,-16,-16,-13,-27,-19,0,-13,-15,-13,-25,-9,-14,-7,-19,3,-20,1,-24,-17,-22,-17,-17,-14,-10,-13,-8,-19,-17,-14,-18,-13,-16,-15,-24,-25,-19,-21,-14,-18,-18,-20,-20,-25,-18,-16,-18,-14,-15,-15
-26,-23,-18,-6,-21,-24,-22,-22,-21,-19,-20,13,-15,-1,-17,-19,-11,-5,-7,4,-13,-18,-19,-14,-19,-12,-11,-21,6,-17,-14,-16,-27,-19,4,-15,-13,-15,-25,-9,-9,-10,-18,5,-21,2,-21,-15,-21,-16,-21,-14,-13,-13,-8,-20,-14,-10,-17,-16,-17,-13,-25,-23,-20,-23,-15,-15,-19,-21,-21,-24,-22,-17,-20,-20,-16,-18
-24,-18,-17,-6,-21,-22,-17,-22,-14,-19,-16,23,-13,2,-13,-14,-11,4,-4,-5,-10,-15,-16,-16,-15,-9,-11,-18,16,-12,-15,-15,-23,-17,-2,-14,-12,-15,-21,-4,-8,-12,-13,-2,-18,-1,-24,-16,-18,-13,-10,-16,-12,-12,-4,-14,-14,-11,-16,-7,-16,-12,-20,-17,-11,-18,-16,-11,-15,-16,-18,-19,-19,-16,-16,-15,-16,-16
-18,-18,-11,-2,-18,-18,-13,-17,-11,-13,-10,22,-8,9,-7,-8,-6,5,1,2,-8,-12,-11,-5,-11,-7,-8,-14,12,-10,-10,-9,-18,-11,4,-5,-8,-9,-16,-1,-4,-7,-7,8,-14,5,-19,-9,-14,-8,-11,-10,-6,-8,-4,-12,-9,-7,-11,-5,-9,-8,-18,-14,-12,-14,-12,-9,-11,-11,-12,-17,-14,-11,-11,-11,-11,-9
-19,-16,-9,-3,-16,-20,-14,-18,-11,-12,-11,22,-7,7,-7,-11,-5,5,2,1,-6,-11,-11,-12,-11,-7,-8,-14,13,-9,-10,-9,-18,-12,3,-5,-9,-8,-17,-2,-5,-5,-10,7,-15,4,-19,-10,-15,-8,-12,-9,-6,-8,-4,-12,-10,-5,-12,-5,-11,-9,-17,-15,-10,-14,-12,-9,-13,-12,-14,-16,-14,-11,-11,-11,-10,-12
-12,-11,-4,1,-11,-13,-10,-14,-6,-9,-10,23,-7,9,-10,-6,-3,9,7,6,-1,-8,-7,-5,-8,-5,-5,-12,16,-6,-6,-5,-10,-7,7,7,-5,-4,-13,2,-4,-4,-5,7,-9,8,-15,-7,-11,-5,-8,-11,-4,-4,0,-14,-9,0,-8,-3,-6,-3,-15,-10,-6,-13,-6,-4,-7,-7,-11,-13,-10,-10,-4,-8,-7,-9
-17,-15,-21,0,-10,-18,-15,-15,-9,-13,-16,18,-9,6,-14,-11,-6,5,4,4,-4,-11,-10,-10,-9,-8,-6,-14,11,-8,-10,-10,-21,-10,5,-11,-9,-13,-19,1,-6,-6,-8,11,-13,3,-19,-12,-13,-11,-13,-13,-6,-8,2,-13,-11,0,-12,-9,-13,-5,-18,-16,-11,-15,-9,-7,-10,-14,-16,-18,-18,-12,-15,-12,-15,-11
-20,-21,-25,-2,-13,-22,-18,-21,-14,-16,-19,18,-11,6,-15,-15,-7,3,1,1,-6,-13,-11,-12,-14,-9,-7,-18,14,-10,-13,-12,-23,-15,8,-7,-10,-15,-24,-3,-9,-5,-11,10,-16,4,-22,-14,-17,-14,-14,-14,-9,-11,-1,-18,-15,-7,-16,-12,-16,-10,-21,-22,-17,-19,-12,-10,-12,-17,-18,-21,-20,-16,-18,-14,-17,-16
-19,-20,-19,0,-18,-22,-21,-22,-16,-15,-19,20,-14,4,-16,-16,-10,-1,-2,8,-10,-17,-14,-14,-17,-16,-7,-20,12,-15,-11,-14,-21,-15,6,-15,-9,-16,-26,-5,-5,-8,-14,10,-16,4,-21,-15,-21,-13,-19,-20,-14,-11,-3,-20,-16,-7,-16,-12,-16,-11,-25,-25,-17,-20,-10,-13,-17,-18,-16,-23,-21,-16,-19,-17,-17,-18
-17,-17,-17,-1,-16,-20,-16,-18,-9,-13,-13,28,-10,8,-13,-12,-8,7,5,3,-6,-12,-10,-12,-11,-9,-6,-16,19,-8,-12,-11,-17,-14,4,-9,-11,-13,-17,0,-5,-9,-9,8,-13,6,-24,-12,-15,-10,-8,-14,-8,-8,1,-12,-13,-6,-12,-9,-15,-9,-18,-16,-10,-18,-11,-7,-10,-13,-14,-17,-17,-14,-14,-12,-14,-14
-17,-21,-21,-7,-17,-20,-18,-18,-9,-14,-14,25,-13,4,-14,-13,-8,6,2,0,-7,-14,-11,-12,-12,-11,-9,-16,14,-10,-12,-13,-20,-13,3,-11,-10,-16,-20,0,-7,-10,-9,7,-14,1,-24,-14,-17,-11,-13,-17,-12,-10,-4,-15,-15,-7,-13,-11,-13,-9,-20,-18,-14,-19,-13,-9,-14,-15,-14,-19,-18,-15,-16,-16,-16,-14
-21,-19,-22,-8,-17,-22,-17,-16,-10,-15,-12,20,-10,0,-14,-16,-9,3,-1,-1,-8,-12,-13,-16,-13,-9,-9,-17,12,-8,-12,-15,-21,-15,2,-11,-11,-16,-20,0,-7,-6,-12,6,-16,2,-24,-15,-19,-16,-17,-17,-8,-12,-4,-18,-16,-6,-14,-11,-16,-9,-20,-17,-14,-17,-15,-9,-15,-16,-16,-20,-20,-15,-17,-15,-16,-16
-14,-15,-18,0,-13,-18,-13,-15,-7,-13,-10,22,-5,5,-10,-11,-5,8,6,7,-3,-9,-11,-10,-8,-6,-7,-16,21,-6,-9,-10,-15,-10,6,-8,-6,-14,-17,2,-4,-5,-7,9,-13,8,-20,-11,-16,-14,-8,-14,-4,-7,0,-16,-9,-4,-10,-8,-11,-5,-17,-12,-11,-13,-9,-5,-10,-11,-11,-17,-16,-13,-12,-11,-12,-11
-17,-17,-18,-2,-12,-20,-16,-15,-8,-15,-15,15,-11,5,-13,-14,-8,4,2,1,-7,-11,-11,-12,-10,-11,-8,-15,15,-9,-13,-12,-17,-14,2,-10,-9,-14,-20,-1,-9,-7,-10,7,-15,3,-20,-13,-16,-19,-13,-14,-10,-9,-1,-16,-11,-5,-13,-12,-13,-8,-18,-17,-13,-15,-11,-7,-13,-16,-16,-18,-18,-14,-14,-14,-15,-13
-19,-21,-24,-1,-13,-22,-18,-20,-14,-15,-16,20,-9,7,-17,-16,-7,4,5,4,-6,-12,-10,-16,-14,-11,-8,-18,19,-10,-14,-13,-21,-16,6,-9,-11,-20,-23,-2,-10,-6,-12,13,-17,5,-21,-16,-19,-20,-14,-16,-9,-12,-2,-19,-14,-9,-17,-14,-16,-10,-22,-22,-18,-19,-11,-11,-12,-16,-18,-22,-21,-17,-18,-15,-16,-17
-22,-23,-18,1,-15,-25,-22,-22,-16,-16,-19,19,-14,8,-16,-18,-11,3,3,5,-7,-16,-13,-14,-15,-17,-10,-20,23,-13,-14,-13,-22,-18,3,-19,-11,-20,-26,-5,-12,-10,-15,11,-19,2,-22,-17,-22,-20,-17,-19,-10,-15,0,-22,-13,-9,-16,-17,-18,-11,-24,-24,-20,-19,-10,-10,-16,-20,-20,-23,-21,-17,-21,-19,-18,-17
-18,-19,-19,-4,-13,-23,-14,-17,-10,-15,-12,28,-10,8,-15,-14,-8,8,7,2,-2,-10,-11,-14,-9,-8,-6,-16,27,-7,-12,-13,-16,-15,4,-10,-11,-21,-19,1,-7,-7,-10,10,-14,4,-22,-14,-16,-16,-11,-13,-9,-10,1,-17,-11,-7,-12,-11,-14,-6,-17,-14,-11,-14,-14,-3,-11,-14,-14,-16,-18,-16,-16,-14,-15,-16
-15,-20,-16,-4,-16,-19,-15,-16,-9,-13,-10,25,-12,9,-11,-13,-6,6,5,4,-6,-12,-10,-9,-10,-14,-8,-15,18,-9,-11,-12,-17,-14,3,-10,-12,-19,-19,0,-7,-7,-6,11,-14,0,-22,-12,-15,-16,-13,-15,-7,-9,-2,-16,-12,-5,-12,-10,-10,-7,-18,-15,-14,-14,-11,-7,-11,-14,-12,-19,-17,-14,-16,-15,-14,-12
-17,-19,-18,-2,-16,-22,-17,-16,-13,-12,-13,21,-11,8,-14,-11,-5,5,3,-1,-4,-11,-13,-15,-12,-9,-10,-18,19,-9,-12,-10,-20,-13,4,-14,-12,-19,-21,-2,-6,-4,-11,9,-15,3,-20,-12,-18,-13,-13,-15,-7,-11,-2,-11,-13,-4,-11,-9,-13,-7,-20,-18,-13,-17,-14,-8,-12,-14,-14,-19,-17,-12,-16,-14,-14,-13
-16,-19,-14,3,-16,-19,-16,-20,-12,-12,-9,23,-10,11,-12,-9,-4,5,3,4,-5,-12,-12,-7,-11,-11,-6,-17,22,-10,-9,-7,-18,-12,4,-12,-11,-16,-21,0,-5,-4,-9,7,-17,4,-20,-10,-15,-18,-8,-16,-13,-6,-2,-13,-15,-7,-8,-9,-8,-5,-21,-16,-12,-12,-12,-8,-12,-13,-13,-20,-13,-12,-12,-13,-13,-9